商家名称,商家地址,纬度,经度,营业时间,评价,评价数
（津味）张记包子铺,天津市津南区经济开发区（西区）微山南路富士特菜市场门脸微5号,39.032284,117.276352,['06:15/20:55'],4.7,319
+1麻辣烫,天津市红桥区丁字沽风采里43-54门底商-122,39.176301,117.166713,['10:00/21:00'],4.9,82
0.8水果,天津市南开区南开大学励志路第十宿舍119号,39.104302,117.169925,['08:00/20:00'],4.9,3
0317火锅鸡,天津市武清区东蒲洼街雍阳西道532号枫丹天城底商,39.387145,117.021631,['10:00/22:00'],0,0
0317火锅鸡(中北镇店),天津市西青区中北镇津杨公路与万卉路交口西南侧天阔园公建二13号,39.130252,117.089809,['10:30/22:00'],4.8,12
10元快餐店,天津市西青区精武镇付村路星期八小镇商业街2-1-AB13号,39.048506,117.124519,['08:30/22:00'],4,1
1314一杯会说话的茶,天津市河北区王串场街容彩里4号楼4-2底商,39.15873,117.228124,['09:30/21:00'],4.9,32
1895Corner-Bar(留园店),天津市海河教育园天津大学北洋园校园留园,38.9958760064849,117.315522421674,"['10:30/14:00', '16:10/20:00']",4.4,22
1895秘制猪蹄简餐,天津市南开区万兴街长江里17号,39.128127,117.156274,['09:00/21:00'],4.6,25
1号金牌卤肉饭(东兴里店),天津市西青区中北镇汪庄村东兴里菜市场2厅前街3号东,39.127554,117.088622,['10:00/20:30'],4.8,261
1号金牌卤肉饭(张家窝店),天津市西青区张家窝镇玉台路45号,39.068032,117.036536,['10:00/21:30'],4.7,80
1号金牌卤肉饭(王顶堤店),天津市南开区堤南道迎水东里3号楼底商4号,39.094002,117.149089,['09:50/24:00'],4.7,199
25小时鲜花（双口镇店）,天津市北辰区双口镇双口二村红光路42号,39.2335028736746,117.04308575399,['00:00/23:55'],5,1
3+1便利（万隆1店）,天津市东丽区天山南里万隆花园小区43号底商,39.1232501308439,117.283118819202,['09:00/21:00'],4.8,46
35秒烤肉拌饭(和平店),天津市和平区劝业场街哈尔滨道141号106,39.124341,117.20106,['09:30/21:00'],4.6,54
36度邂逅,天津市和平区劝业场街长春道好乐里1号101,39.120423,117.194172,['10:00/21:00'],5,0
3D龙鱼面,天津市西青区精武镇付村路星期八小镇商业街中-2-2,39.05361,117.121558,"['11:00/14:00', '16:00/20:30']",4.7,13
3路海鲜烧烤涮,天津市南开区向阳路街西青道303号,39.152784,117.11727,['17:00/24:00'],4.7,457
58优品（怡闲便利店）,天津市红桥区怡闲道13号,39.143148173397,117.161857732489,['08:30/23:55'],4.9,66
58优品佳和超市,天津市河北区革新道500号,39.1613663571406,117.22897982378,['06:35/01:50'],4.9,483
5G快送餐厅,天津市津南区辛庄镇白塘口村南（众建混凝土公司对面）,38.994686,117.328939,['09:50/21:00'],4.4,30
62号的故事韩式&日式厨房,天津市和平区卫津路15号博联大厦底商102-B568,39.106201,117.179946,['11:00/20:50'],5,12
6号食堂(金奥店),天津市西青区李七庄街卫津南路与丽江道交口东北侧金奥广场7-115,39.065543,117.192359,['10:15/20:30'],4.7,1657
71cake网红盒子蛋糕(河东店),天津市河东区程林里59-10-9,39.124878,117.261821,['09:00/19:00'],4.8,61
7里香手工水饺蒸饺冷面,天津市津南经济开发区（西区）上海街52号富士特市场门脸前4号,39.033293,117.277033,['08:00/21:00'],4.6,84
808味日料店,天津市西青区精武镇姚村文博园7号楼104号,39.058793,117.115902,['09:30/21:30'],4.5,249
8090奶茶,天津市河西区环湖中道10号增101-102,39.084181,117.181633,['13:25/20:00'],5,7
81中式快餐(平山道店),天津市河西区吴家窑大街与卫津路交口君禧华庭配建1-君禧华庭81号底商,39.097828,117.183204,['11:00/21:00'],0,0
85度C（天津天山路店）,天津市河东区天山路崂山道交口天山路市场内首层（门03）,39.13746,117.27741,['08:00/21:00'],4.9,535
85度C（天津新世界店）,天津市南开区东马路138号新安购物广场一层-02至09内04区0104号商铺,39.14107,117.18908,['08:00/21:30'],5,242
85度C（天津鞍山西道店）,天津市南开区鞍山西道259号（时代大厦）101D03商铺,39.113801,117.164036,['08:00/21:30'],4.8,492
8元雷饱15元吃好,天津市西青区大寺镇倪黄庄环宇路22号门脸房,39.029238,117.225534,['10:20/23:30'],5,17
90后麻辣香锅(音乐学院店),天津市河东区大王庄街道八纬路109号家家福市场办公-11,39.119288,117.231954,['09:30/24:00'],4.5,765
9292火辣肥肠,天津市津南区双港镇梨双公路西北侧普泰花园10号楼底商4,39.0200883253979,117.274440230253,"['10:00/14:00', '17:00/22:00']",0,0
957炸鸡汉堡,天津市西青区中北镇景园里8号底商,39.126126,117.112898,['10:30/20:30'],4.8,290
97香港餐厅,天津市和平区河北路庆捷里4号,39.127074,117.198272,"['10:20/14:30', '16:15/22:00']",4.3,4
99炸鸡,南开区凌奥美食休闲街东侧自建房屋,39.1186,117.178234,['11:00/22:30'],4.8,676
99炸鸡（佳园里店）,天津市北辰区青光镇龙武道17号,39.191989,117.113326,['11:00/22:30'],4.7,161
99炸鸡(天津店),**,39.1249163271104,117.215813843736,['11:00/22:30'],4.8,103
99炸鸡（小海地店）,天津市河西区大沽南路1118号天津泉汇购物广场步行街底商3号,39.067582,117.280505,['11:00/22:30'],4.7,177
99炸鸡(张家窝店),天津市西青区张家窝镇杰盛里58号楼6号底商,39.066808,117.031885,['10:30/22:25'],4.6,71
99炸鸡（梅江店）,天津市河西区解放南路珠江道大任庄路3号（东升信达菜市场）外商户S9号,39.058425,117.226343,['11:00/22:30'],4.7,283
99炸鸡（河北店）,天津市河北区三马路129号（千禧消费品市场A区44、45）,39.157513,117.195322,['11:00/22:30'],4.7,245
99炸鸡(燕宇店),天津市西青区中北镇兴宁路景园里底商5号,39.127423,117.111922,['10:30/21:30'],4.8,57
A.Cake爱蛋糕,天津市西青区中北镇假日盈润园底商（卉安道13号）,39.12096,117.07872,['08:00/20:00'],5,1
Aaron家的美味,天津市南开区天津大学四季村13-1-101,39.109725,117.165051,['11:00/19:30'],0,0
AIMI蛋糕私人订制,天津市河东区卓越大厦2-1714,39.089057,117.338527,['09:00/19:00'],5,3
BelongBakery手工定制烘焙,天津市北辰区青光镇韩家墅农产品批发市场商业街50号,39.202229,117.100723,['08:00/19:00'],5,1
bigbang韩国炸鸡(南开店),天津市南开区红旗南路与陈塘庄铁路支线交口东南侧阳光壹佰东园1-商9,39.072341,117.152456,['10:00/01:30'],4.8,520
bigbang韩国炸鸡(天津店),天津市和平区劝业场街陕西路72-74号平17,39.124081,117.189668,['10:00/24:00'],4.8,898
bigbang韩国炸鸡（武清店）,天津市武清区杨村街北郑招商场A厅132号,39.388713,117.065338,['10:00/01:00'],4.8,236
bigbang韩国炸鸡(河北店),天津市河北区鸿顺里街日纬路75号,39.161328,117.197075,['10:00/00:30'],4.8,390
bigbang韩国炸鸡(河西店),天津市河西区小海地竹林路4号1门,39.060315,117.266436,['10:00/01:30'],4.8,526
bigbang韩国炸鸡(红桥店),天津市红桥区咸阳北路街本溪路青年副食青联百货1门,39.182402,117.140597,['10:00/02:00'],4.8,461
bigbang韩国炸鸡（西青店）,天津市西青区中北镇汪庄村东兴里菜市场二厅前街北6号,39.12754,117.08819,['10:00/01:30'],4.8,265
BiuBiuBiu(河北店),天津市河北区望海楼街昆纬路116号1001室,39.152205,117.208276,['10:00/22:00'],4.5,590
BROTHER美式热狗(凌奥店),南开区鑫奥老年公寓5-3-102,39.064828,117.179121,['00:00/24:00'],4.7,386
BROTHER美式热狗(北宁湾店),天津市河北区任贤东里2号楼3门105室,39.179615,117.206718,['07:40/20:50'],4.8,639
BROTHER美式热狗（华苑店）,天津天地顺物业管理有限公司地华里市场外18号,39.084813,117.127142,['06:15/19:30'],4.7,170
BROTHER美式热狗(南开店),天津市南开区南丰路兴泰南里4号楼6门101,39.140585,117.154836,['07:30/21:00'],4.8,210
BROTHER美式热狗(和平店),天津市河西区东楼恩兴后街11号德勤菜市场4层,39.123025,117.185565,['06:30/21:50'],4.7,793
BROTHER美式热狗（大学城店）,天津市西青区精武镇学畔馨圆底商S1-113二楼,39.04943,117.120734,['14:30/22:00'],4.7,118
BROTHER美式热狗（小海地店）,天津市河西区景致里8-101-104,39.067039,117.278926,['07:00/23:00'],4.7,159
BROTHER美式热狗（河西店）,天津市河北区任贤东里2号楼3门105室,39.09704,117.225587,['09:05/20:50'],4.8,390
BUY家小碗菜,天津市河西区大沽南路1118号天津泉汇购物广场步行街底商18号,39.06761,117.281611,['09:40/22:00'],4.8,460
BUY家小碗菜(天津和平店),天津市和平区劝业场街鞍山道40号平房,39.125798,117.191726,['09:40/20:00'],4.7,2621
"Cafe Alice咖啡爱丽丝",天津市河西区乐园道9号乐天百货内2F层F&B-2-2,39.09067,117.21163,['10:00/21:00'],4.4,5
COCO曳屋（天津大悦城店）,天津市南开区南门外大街2号（大悦城4F-33号）,39.134178,117.180292,['10:25/21:00'],4.7,314
COCO壹番屋（天津凯德嘉茂店）,天津市河西区南北大街1号嘉茂购物中心天津湾二层19-20A,39.096755,117.239522,['10:55/21:00'],4.7,285
coco都可(凯德国贸二店),**,39.1140041128064,117.21588927838,['10:00/21:00'],4.9,265
CoCo都可（华润金钟店）,天津市河北区宁园街万柳村大街56号（华润万家超市一楼S29-1）,39.155828,117.217133,['10:00/20:50'],4.9,692
CoCo都可(恒隆店),天津市和平区兴安路166号恒隆广场6014号铺位,39.128026,117.199914,['10:10/21:00'],4.9,362
CoCo都可（海光寺家乐福店）,天津市南开区南京路302号海光寺家乐福HGS_115,39.12219,117.17926,['10:00/21:00'],4.9,1220
CoCo都可(爱琴海店),天津市河东区琳科东路68号（爱琴海购物公园）6F608号房,39.121929,117.2559,['10:00/21:30'],4.9,218
CoCo都可(社会山店),天津市西青区张家窝知景道198号6栋1层160、161号,39.05021,117.04869,['10:00/21:00'],4.9,148
CoCo都可（陆家嘴店）,天津市红桥区大丰路25-29（单）号陆家嘴中心B1层B113单元,39.147511,117.172138,['10:00/21:00'],4.9,391
COSTA咖啡(天津今晚报大厦店),天津市南开区南京路358号今晚报大厦一层大堂,39.12379,117.17552,['07:45/17:30'],5,55
COSTA咖啡(天津佛罗伦萨店),天津市武清区前进道北侧佛罗伦萨小镇BAR-N1,39.3763,117.01622,['10:00/20:00'],5,37
COSTA咖啡(天津国贸凯德店),天津市河西区南京路39号01层16/17号,39.11384,117.2164,['09:00/21:00'],5,48
COSTA咖啡(天津水游城店),天津市红桥区大丰路以西、芥园道北侧（大丰路18号）AF1-N12,39.14909,117.16997,['10:00/22:00'],4.8,35
COSTA咖啡(天津熙悦汇店),天津市南开区密云路西侧一层9号商铺,39.136969,117.12508,['10:00/22:00'],4.9,108
DIY板烧公社,天津市武清区杨村街泉州北路荔隆广场3楼3004,39.389868,117.062406,"['10:30/14:30', '17:00/20:30']",5,0
DM分米鸡,天津市西青区精武镇付村华木里商业街A112号-1,39.053692,117.121573,['10:00/22:00'],3.6,6
DQ冰淇淋（天津南门外大街一店）,天津市南开区南开门外大街2号的天津大悦城购物中心【2F-D11】,39.13559,117.180337,['10:00/21:30'],4.9,128
DQ冰淇淋（天津友谊南路店）,天津市西青经济开发区友谊南路111号A区1层144号,39.02894,117.21921,['10:00/21:00'],4.9,50
DQ冰淇淋（天津友谊新天地店）,天津市和平区劝业场街滨江道208号友谊喜新天地广场负一层A区3号,39.12462,117.19866,['10:00/20:40'],4.9,63
"EASY 西餐吧(河北店)",天津市河北区铁东路街宁宇家园9号楼/配3-202,39.17999,117.20861,['11:00/21:00'],4.6,53
EL轻食.健身减脂餐(亿城堂庭店),天津市红桥区西于庄街道勤俭道172、190号205,39.171033,117.154036,['08:35/19:20'],4.8,217
EL轻食・健身减脂餐(佳园东里店),天津市红桥区双环村佳园东里28-3-106,39.19401,117.137727,['08:30/19:00'],4.6,211
FishandChips薯鱼(世纪都会店),天津市和平区五大道街南京路181、183号世纪都会负一层B125号,39.117462,117.199225,['10:30/21:30'],4.7,407
"Fresh Flower shop",天津市南开区南丰路兴泰南里兴泰路市场外底商2号,39.11939,117.164077,['02:00/21:00'],5,3
"He kitchen&co",天津市河西区吴家窑大街与卫津路交口君禧华庭配建4-121号底商,39.098065,117.18056,['10:00/22:00'],4.9,110
HEERETEA东喜茶,天津市北辰区青光镇辰盛路与光荣道交口处,39.189354,117.118794,['11:45/23:55'],4.7,36
HeyJuice茶桔便(南开红|公寓店),天津市南开区万兴街双峰道红蹦公寓2号楼底商,39.118117,117.171021,['10:00/21:30'],4.8,229
HeyJuice茶桔便(鞍山西道店),天津市南开区鞍山西道285号内1号,39.114519,117.161139,['10:00/22:00'],5,20
HOLD住时尚麻辣香锅,天津市红桥区丁字沽一号路四新道50号,39.178243,117.157115,['10:35/22:30'],4.5,1011
ifcha・一夫茶(大学城店),天津市西青区精武镇景福花园智达里4-1-102-1,39.055,117.114543,"['09:00/14:00', '15:00/22:00']",4.7,296
"IM CHOCOLATE COFFEE",天津市河西区环湖中路滨湖大厦902,39.087251,117.185768,['10:00/22:00'],5,3
"In 茶(大学城店)",天津市西青区精武镇付村路星期八小镇商业街A22号,39.053877,117.122998,['10:00/21:00'],4.4,312
i转角（恒星世界店）,天津市东丽区万新街道先锋路61号汇城广场（恒星世界）四层8420号,39.08443959,117.3064773,['09:45/20:45'],4.9,200
i转角(陆家嘴店),天津市红桥区大丰路25-29（单）号陆家嘴中心第5层506单元,39.147511,117.172138,['10:00/21:30'],5,18
Jiang味新疆餐厅,天津市红桥区丁字沽一号路凯莱赛商厦二层糖果工厂编号G,39.181031,117.139487,"['11:00/14:10', '16:50/21:00']",4.5,47
"Kafu food简餐",天津市河东区十五经路1号1楼108室,39.116081,117.238548,['10:00/19:20'],4.8,84
Kao!烤肉饭,天津市武清区杨村街泉州北路东侧荔隆广场3楼,39.390848,117.062952,['09:20/21:30'],4.7,99
Kao铺,天津市河西区大沽南路1118号天津泉汇购物广场4层4-013号,39.068027,117.281699,['09:30/22:30'],4.7,379
Kao铺(天津商业大学店),天津市红桥区西于庄街道翠溪园小区10号楼底商5号,39.182332,117.134125,['09:00/22:30'],4.7,60
Kao铺麻辣香锅水煮鱼,天津市河东区春华街道新开路138号增1号,39.137429,117.220281,['09:30/20:00'],4.7,348
"Lemon Tree洋味食屋",天津市河西区大沽南路1118号(鑫光市场)底商01,39.067718,117.282539,['09:45/20:45'],4.7,128
linlin鲜花（东丽店）,天津市东丽区华明家园达园16-4-101室,39.18196433,117.38918534,['07:30/00:30'],0,0
linlin鲜花（同安新里店）,天津市和平区同安道同安新里1-6号2门207,39.11057451,117.18629228,['07:30/00:30'],0,0
linlin鲜花（宾水道店）,******,39.08434067,117.19462691,['07:30/00:30'],0,0
linlin鲜花（河西店）,天津市河西区小海地泰山里18号楼20门105-109,39.0706969,117.27296482,['07:30/00:30'],0,0
linlin鲜花（红桥店）,天津市红桥区大胡同2号,39.15478833,117.19731179,['07:30/00:30'],0,0
LOFT-BASE牛排热狗(红星路店),天津市河东区红星路108号增1号生产一楼北侧,39.148265,117.234626,['09:00/22:00'],4.6,226
LOFT-BASE牛排热狗(辰昌路店),天津市北辰区天穆镇王庄市场7排14号,39.200101,117.125133,['10:00/22:00'],4.6,192
MAGICT幻茶,天津市武清区京津公路东侧中信广场D区01,39.37019,117.071213,['09:00/21:30'],4.5,31
MC螺蛳粉,河西区大沽南路1118号天津泉汇购物广场有限公司步行街底商36号,39.067553,117.28042,['09:15/20:45'],4.8,157
MC螺蛳粉(北辰店),天津市北辰区青光镇瑞顺市场14号,39.19315,117.113238,['09:30/21:30'],4.5,78
MC螺蛳粉(柳林大润发店),河西区大沽南路1118号天津泉汇购物广场有限公司步行街底商36号,39.067553,117.28042,['09:15/20:45'],4.8,138
Mini小厨,天津市南开区南丰路29、31号,39.124214,117.167007,['10:00/22:00'],4.9,137
"MISS MI米小姐粥吧(大学城店)",天津市西青区精武镇付村商业街C1-07,39.053363,117.123225,"['07:00/13:40', '16:00/21:00']",4.5,853
MK鸭货,天津市津南区咸水沽镇永安里13号平房,38.985321,117.38286,['10:00/02:55'],4.7,103
MK鸭货(万科四季店),天津市西青区张家窝镇四季花城枫雅道200号四季博园配建一108号,39.054621,117.030461,['09:00/22:00'],4.8,22
MK鸭货(东丽店总店),天津东丽区华新街第一菜市场B4号,39.104666,117.352324,['13:30/03:00'],4.6,119
MK鸭货（宜白路店）,天津市北辰区普东街宜白路北人防旁,39.189552,117.203217,['10:40/23:45'],4.8,79
MOKO私厨,天津市西青区精武镇付村荣水里26-3-301,39.053204,117.123257,['09:40/20:00'],5,3
MOMO冰品(小海地店),天津市河西区陈塘庄街东江道53号部分,39.067715,117.261965,['10:30/22:00'],4.9,71
momo冰品(河北店),天津市河北区王串场街正兴里13门107栋,39.150438,117.221755,['11:00/22:00'],4.9,76
MONICA餐吧(南开大学店),天津市城泰消费品综合市场2号,39.102024,117.162921,['10:10/20:00'],4.7,25
MOODNI摩点,天津市西青区精武镇学畔馨园底商S8-108号,39.04916,117.123857,['09:00/21:00'],4.9,43
"Mr sweet",天津市西青区大寺镇爱尚街6号楼104B,39.01172,117.254518,['08:30/20:00'],0,0
Mr堡(汉堡专营店),天津市南开区南开二马路182号,39.125133,117.1773,['08:00/20:50'],4.8,1054
No.18咖啡西餐家居设计,天津市武清区东蒲洼街翠通路东侧尚悦家园44号楼-108,39.391087,117.020011,['10:30/21:00'],0,0
No.1麻辣烫,天津市河西区泗水道163号,39.053749,117.261077,['10:00/21:00'],4.9,670
numnum三明治,天津市河东区津滨大道53号1050号,39.124337,117.256596,['10:00/21:40'],4.8,54
N多寿司,天津市武清区东蒲洼街尚东金街572号,39.404529,117.01284,['10:00/22:00'],4.5,0
O记黄焖鸡米饭,河西区吉万里9-105-108,39.103079,117.221475,['09:00/23:00'],4.6,550
PLAYEAT亲子餐厅(奥城店),天津市南开区宾水西道与凌宾路交口西南侧奥城商业广场24-106,39.077252,117.170362,['10:00/20:00'],4.4,8
P姐炸鸡（玉锦路店）,天津市西青区张家窝镇玉锦路9-208号,39.063051,117.042124,['10:30/23:55'],4.8,52
royaltea皇茶（大学城店）,天津市西青区精武镇姚村景福花园商业2号楼6号,39.057208,117.11856,['10:00/22:00'],4.8,27
royaltea皇茶(海天馨苑店),天津市津南区双港镇海天馨苑诚勤园25号楼110（A8)101-A室,39.053083,117.292142,['10:00/21:30'],4.6,5
royaltea皇茶(顺源大厦店),天津市河东区大王庄街道六纬路津顺源大厦3-302,39.118422,117.227622,['07:30/01:00'],4.9,288
SCUGNIZZO顽童披萨(下瓦房店),河西区吉万里9-109-112,39.107994,117.221969,['11:00/20:30'],4.8,186
SCUGNlZZO顽童披萨(河北路店),天津市和平区劝业场街河北路105号1-3,39.125081,117.195919,['11:00/20:30'],4.8,99
"Seven Days餐厅",天津市东丽区新立街道驯海路搅拌站旁30米,39.106256,117.343235,"['09:30/14:30', '15:30/21:00']",4.6,222
Sizzler・时时乐(天津大悦城店),天津市南开区南门外大街2号（大悦城北区4F-21号）,39.135474,117.180273,['11:00/21:00'],5,0
Sizzler・时时乐(天津天河城店),天津市和平区小白楼街263号天津天河城第六层610A商铺,39.133031,117.210579,['10:00/22:00'],0,0
"Slow City慢城(东丽店)",天津市东丽区先锋路61号汇城广场（恒星世界）一层8102号,39.084531,117.306382,['08:00/20:50'],5,494
SlowCity慢城(天佑城店),天津市南开区南马路与西马路交口东北侧如意大厦101（星光天地第一层122号）,39.138248,117.172949,['08:00/21:00'],4.9,609
SlowCity慢城(蛋糕店),河西区乐园道9号（彩悦城阳光乐园购物中心一层1B-01）,39.091367,117.219937,['09:00/20:00'],4.9,45
"slowcity慢城(金钟河大街店) ",天津市河北区万柳村大街56号（华润万家超市一层S23、25）,39.155864,117.217517,['08:00/21:00'],4.9,714
SMLART麻辣香锅(邵公庄店),天津市红桥区丁字沽街风光里1-1-157,39.174917,117.167318,['09:30/21:00'],4.7,273
SO轻食,天津市红桥区锦西南里底商-101,39.183104,117.133765,['10:00/20:00'],4.9,432
SUSU轻食沙拉,天津市和平区劝业场街哈尔滨道143号3-111-115一层,39.123962,117.201019,['09:00/20:00'],4.8,400
"THE FRYPAN韩国炸鸡啤酒（大润发店）",天津市河西区大沽南路1118号号泉汇购物广场W1011号,39.067885,117.282594,['09:30/21:10'],4.8,589
VC果蔬（三水道）,河西区三水道松江例煤业门市部内180号,39.0575883879832,117.256880663323,['08:00/19:30'],4.7,25
WaKa哇咔茶饮(南大店),天津市城泰消费品综合市场A9,39.101698,117.163255,['10:00/21:05'],5,56
Winner桶饭(万源路菜市场店),天津市西青区中北镇万源路菜市场南街45号增2号,39.11714,117.086544,"['10:20/13:05', '15:50/20:30']",4.8,199
YATOO.鸭途,天津市西青区张家窝镇人祥北里第二组6号门脸,39.058915,117.039762,['09:00/23:00'],4.1,4
yoyo茶巷,天津市武清区东蒲洼街保利上河雅颂金街24-1-104-1号,39.379873,117.035275,['10:00/22:00'],4.9,82
YummyBox美盒披萨(伊势丹店),天津市和平区劝业场街南京路108号现代城项目8层L803A,39.119266,117.197317,['10:25/21:00'],4.4,6
ZQZ炸鸡店,天津市西青区精武镇工南路姚村文博园1号楼底商1-06,39.057229,117.11562,"['10:00/14:00', '16:00/22:30']",4.9,170
一个便当,天津市津南区八里台镇巨葛庄村菜市场8排2号底商,38.979258,117.326759,['10:00/19:00'],4.8,0
一人一杯奶茶店,天津市西青区西营门街津静路6号王顶堤商贸城E区小吃街C座一层58号,39.096283,117.100248,['10:30/20:00'],4.5,28
一人食,天津市红桥区邵公庄街道西青道9号楼4门101,39.1544487078857,117.145633253025,['09:30/18:55'],4.9,442
一口酸牛奶(商贸城店),天津市西青区西营门街津静路6号王顶堤商贸城E区小吃街A座1层31号,39.095025,117.100426,['11:25/21:30'],4.6,16
一口香湖南米粉臭豆腐,天津市城泰消费品综合市场食廊区1号,39.100698,117.16356,['09:30/21:00'],4.8,44
一号水果店,天津市西青区精武镇姚村景福花园智达里4-2-102-2,39.056176,117.115107,['09:00/21:20'],4.5,59
一品大虾,天津市红桥区西于庄街道新红路181号,39.171505,117.165939,"['00:00/03:30', '10:00/23:55']",0,0
一品好粥道（天邦店）,天津市河西区大沽南路1118号泉汇购物广场四层4-10号,39.0685,117.281631,['10:15/20:50'],4.9,356
一品烧烤,天津市河西区小海地东江道45号市场内虎1号,39.06688,117.26474,['15:30/19:50'],5,13
一品状元粥(华兴道店),河东区春华公寓1-4门部分（101室）,39.140434,117.214805,['08:30/21:50'],4.5,50
一品酱香大骨头,天津市津南区辛庄镇金地艺境名苑2004,39.021932,117.345957,['09:00/23:00'],4.6,9
一品锅贴王,天津市亿通源商贸有限公司咸开178号,39.186321,117.142137,['10:00/20:30'],4.8,188
一品香菜馆,天津市北辰区宜兴埠镇万达轮胎厂新村2号,39.214226,117.234479,['00:00/24:00'],4.1,37
一品香锅贴,天津市西青区张家窝镇董庄子步行街14-6号门脸,39.060451,117.03892,['10:00/21:00'],4.5,32
一品香麻辣烫(杨伍庄店),天津市西青区张家窝镇杨伍庄盈水园22号底商,39.072215,117.066408,['08:00/21:30'],0,0
一品鲜麻辣牛肚,天津市西青区精武镇荣华道16号床单二厂门脸房3号,39.062588,117.117838,['08:30/22:30'],4.4,445
一哥龙虾馆(南市店),天津市和平区小白楼街承德道22号101室,39.127209,117.208094,['09:10/04:00'],4.8,342
一坐一忘丽江主题餐厅(嘉里汇店),天津市河东区六纬路238号“天津嘉里汇”L1层L1021单元,39.127239,117.216953,['11:00/21:00'],4.9,80
一夫茶(和悦汇店),天津市河西区黑牛城道与内江北路交口西北侧七贤南里配建二第1层第七贤南里115号底商,39.08042,117.24398,['10:00/22:00'],0,0
一定好生日蛋糕,天津市河东区爱琴海购物公园玫瑰天街322,39.12168,117.25453,['00:00/24:00'],4.9,14
一家人烧烤,天津市西青区精武镇付村星期八商业街A区106-1号,39.06241,117.140618,['15:30/23:00'],4.3,457
一家人特色家常菜,天津市西青区精武镇学畔馨园S1-115二楼,39.058525,117.116139,"['09:30/14:00', '14:05/22:30']",5,0
一家小龙虾(熙悦汇店),天津市南开区向阳路街建设路28号文勇蔬菜市场内B31号,39.134532,117.128303,['10:00/22:00'],4.8,70
一怡圆云南过桥米线,天津市南开区南大道63号兴盛里2楼8门底商,39.140056,117.166278,['10:00/01:00'],4.8,163
一扫光,天津西青区张家窝镇灵泉南里第五组13号门脸,39.059246,117.040004,['10:00/22:00'],0,0
一日三餐?,天津市津南区辛庄镇白塘口村南（众建混凝土公司对面）,38.996763,117.305704,['09:50/20:00'],4.4,67
一期一笑(医科大学店),天津市和平区何兴村180号院内1-106,39.106311,117.186083,['09:00/22:00'],4,2
一松亭,河西区体院东才华里16－17号,39.053689,117.123167,"['09:00/14:00', '15:00/19:05']",4.6,53
一步到味过桥米线麻辣烫酸辣粉,天津市津南经济开发区（西区）富士特市场领世区增10号,39.033689,117.280072,['06:15/23:55'],4.6,780
一步到味麻辣香锅麻辣烫米线,天津市西青区张家窝镇玉锦路17-3号底商,39.061419,117.039303,['09:15/23:00'],4.7,2817
一点鲜比萨店,天津市津南区咸水沽镇剧场西里以北耀华名邸1-185,38.992194,117.385145,['08:50/03:00'],4.8,78
一碗小美好(大学城店),天津市西青区精武镇华木里商业街区第A119号-1,39.05336,117.12463,['10:00/21:00'],4.6,968
一碗小美好●新式烫捞麻辣烫,天津市河西区永安道泰达园6-24-101-1,39.104022,117.212921,['10:00/20:00'],4.9,382
一碗拌饭,天津市西青区精武镇学畔馨园3C-112二楼-2,39.048423,117.121591,['11:00/22:00'],4.7,124
一碗香凉皮子,天津市河北区建昌道街铁工西里2-101,39.1760273073,117.224538143767,['10:30/19:00'],0,0
一碗鸡汤饭(大学城店),天津市西青区精武镇付村路星期八小镇商业街A20号,39.061107,117.125121,"['10:00/13:40', '17:30/20:30']",4.5,462
一禾轩鱼头泡饭,天津市武清区雍阳西道南侧盛世馨园11-2门（东蒲洼街）,39.386043,117.018336,['10:00/22:00'],4.5,0
一粥七天,天津市北辰区普东街普东商业广场1号,39.191665,117.202326,['07:00/21:30'],4.5,181
一粥七天(天津河北区店),天津市河北区王串场街华屏里22-105,39.15727,117.22792,"['07:00/14:00', '16:00/21:00']",4.8,2247
一粥七天（河东区店）,天津市河东区友爱南里18号楼3号底商,39.104894,117.263152,['07:00/20:55'],4.8,556
一粥道(程林里店),天津市河东区泰昌路东侧12号,39.124906,117.261327,['07:30/22:00'],4.8,730
一线情云南过桥米线（汉阳道）,天津市和平区汉阳道68号,39.109783,117.187552,['09:30/21:30'],4.7,1338
一网情深鲜花(天津店),天津市滨海新区塘沽杭州道1-151,39.0337822592017,117.662398088366,['00:00/24:00'],4.5,4
一网情深鲜花（百合店）,东丽区招远路9号社区服务中心,39.08866,117.3116,['00:00/24:00'],5,56
一芳台湾水果茶（和平路店）,天津市和平区劝业场街和平路200-204鞍山道17号121,39.12892,117.19534,['10:00/21:00'],4.9,118
一芳台湾水果茶（天津小白楼店）,天津市和平区小白楼街道开封道28号宝善里2号103-1,39.116018,117.217003,['10:00/21:30'],4.8,117
一茶一坐（天津海信店）,天津市和平区解放北路188号海信广场裙楼负101-013-1,39.116813,117.218032,['10:00/21:00'],4.8,681
一诺家常菜小份菜,天津市河北区王串场街金钟河东街10号增1号,39.146693,117.22292,['10:00/21:00'],4.5,56
一锅香过桥米线,天津市西青区精武镇付村商业街A区101号-6,39.053947,117.121898,"['10:00/13:30', '16:00/21:00']",4.6,185
一间粥铺(河西店),河西区福建路51号,39.1027,117.227897,['06:00/21:00'],4.6,142
一阁香驴肉火烧（保利店）,天津市武清区泉达路与雍阳西道交口保利上河雅颂22-107,39.3793,117.033395,['09:00/21:30'],4.8,93
一麻一辣麻辣香锅（鼓楼商圈店）,天津市南开区东马路137、139号地下餐饮区B1-3号店铺,39.137551,117.191279,['10:00/21:05'],4.8,233
丁氏正宗牛肉板面(天南大店),天津市津南区辛庄镇白塘口村南百万路63号（百利恒快捷宾馆南侧）,38.99803,117.31575,['09:30/21:00'],3.4,29
丁记牛肉板面牛杂面(天大店),天津市四季村蔬菜市场东7-8号,39.110134,117.164181,['09:00/22:35'],0,0
七哥蛋挞,河西区汉江里-8号底商,39.059073,117.260786,['00:00/24:00'],4.8,129
七哥铁板烤鸭肠,天津市河北区王串场街五号路与增产道交口乐迪蔬浆市场21号增1号组形式个人经营,39.15839,117.227972,['10:30/24:00'],4.9,858
七哥铁板鸭肠紫菜包饭(宜白路店),天津市河北区铁东路街宜白路宜白楼1-4-104增2号,39.188729,117.203257,['11:00/22:20'],4.8,90
七哥铁板鸭肠紫菜包饭(爱贤道店),天津市北辰区宜兴埠镇翠萍园底商2-8,39.187946,117.221551,['11:00/21:30'],4.9,62
七天寿司,天津市南开区南开大学西南村7号楼1门102室,39.1012288677412,117.164691504229,"['10:30/14:00', '15:30/22:00']",4.9,61
七天寿司（河东店）,天津市河东区大王庄街道新义信里8-6底商,39.129158,117.223113,"['10:30/14:00', '15:30/22:00']",4.9,66
七天鸡排面,天津市武清区徐官屯工贸大街北A39号,39.388974,117.064915,['08:00/23:50'],4.5,30
七宝搭配厨房,天津市红桥区宁成楼4号楼底商,39.182528,117.143688,['00:00/24:00'],4.8,44
七宝西式厨房,天津市河东区八纬路15号,39.154202,117.198249,['09:00/23:50'],4.8,266
七宝轻食餐厅,天津市红桥区咸阳北路街丁字沽宁城楼4门104,39.182814,117.144514,['08:00/24:00'],4.9,47
七彩鲜花(河东店),天津市东丽区华明街昆俞欣园3号楼1门201,39.166223,117.286724,['00:00/24:00'],4.6,3
七星椒川菜馆（保利店）,武清区振华西道南侧盛世家园429号,39.382154,117.029458,"['10:50/13:50', '17:20/20:50']",4.4,48
七爷清汤腩(天津店),天津市南开区南门外大街2号天津大悦城购物中心4F-36a号,39.133286,117.179819,['11:00/21:30'],4.8,287
七里香小笼包,天津市四季村蔬菜市场内西房13号,39.110294,117.163973,['06:30/22:40'],4.3,18
七里香饺子,天津市武清区杨村街广厦东里13-1-101,39.371172,117.057228,['10:00/22:00'],4.8,27
万宝川菜馆(嘉华店),天津市河东区唐家口街嘉华里18号楼西侧底商,39.1288,117.24225,['09:40/23:05'],4.7,458
万店通百货便利店,西青区中北镇侯台花园小区底商6#、7#,39.10057,117.115995,['07:20/23:00'],4.7,67
万新水煮鱼,天津市河东区东新街道盘山道与恒山路交口23区平房,39.142894,117.279926,['10:00/21:30'],4.7,30
万新煎饼,天津市河东区东新街道万新村凤岐里十区4号楼2门112,39.137974,117.27195,['07:00/03:00'],4.9,35
万福乐超市(南街店),天津市南开区鼓楼南街5-41号,39.139805,117.181017,['08:05/02:20'],4.8,135
万而豪便利超市,天津市河西区小海地东江南里44号底商,39.065941,117.27048,['07:30/23:00'],4.9,37
三个先森的韩国炸鸡（南开店）,天津市南开区三纬路怀庆里9号楼11-13,39.127274,117.17904,['10:00/02:00'],4.8,247
三个先森的韩国炸鸡(河东区店),天津市河东区大王庄街道十经路与七纬路交口卓越大厦七纬路71号-120-121,39.124226,117.223675,['10:00/24:00'],4.8,299
三个先森的韩国炸鸡（河北店）,天津市河北区江都路街道增产道8号乐活坊3号楼27号,39.159265,117.242669,['10:00/24:00'],4.8,539
三六九家常菜,天津市北辰区国宜北里6-2-109-112,39.192301,117.200745,"['10:20/14:20', '16:20/21:20']",4.7,88
三十五块半便当,天津市西青区工农联盟农场华庄村华兴东里14号楼1门103号,39.079653,117.096921,['09:30/21:00'],4.8,363
三十八度韩式快餐,天津市南开区南开大学新安村诚泰消费品综合市场A40,39.10144,117.163283,['10:00/22:00'],5,1
三只叶创意烘培工坊(洪湖里店),天津市红桥区西于庄洪湖东路与光荣道交口（津门美食小吃广场）J05,39.17133,117.16312,['09:55/23:30'],4.8,58
三只猴快餐店,天津市武清区杨村街栖仙公寓东区北院8号公建底商,39.385379,117.049716,['10:00/22:00'],4.7,19
三可手工虾仁水饺(和平区店),天津市和平区劝业场街万全道香园里4门101,39.122467,117.186463,['10:00/21:00'],4.7,103
三叶烘焙坊,天津市南开区古文化街海河楼商贸区古文化街93号,39.142638,117.192998,['09:55/23:30'],4.8,73
三合益凉皮凉面,天津市和平区辽宁路138号140号,39.126592,117.198983,['10:05/18:10'],4.8,153
三国水煮,天津市北辰区青光镇杨嘴社区底商2号,39.1849,117.109322,['09:00/21:30'],4.7,324
三头破店,天津市南开区黄河道94号（第一层内A-B区域）,39.137657,117.163531,"['10:25/14:30', '17:00/22:35']",4.6,102
三晋农家面馆,天津市西青区中北镇万源路菜市场南街22-23号,39.116615,117.085372,['08:25/23:55'],4.5,701
三晋福源刀削面专营(四信里店),天津市河西区黑牛城道南侧四信公寓7号楼-四信公寓88号底商,39.078683,117.251443,['09:30/22:35'],5,6
三晋老冯家刀削面家常菜馆(万源路店),**,39.1170740809593,117.085268663377,['09:00/22:55'],4.9,19
三毛烤肉饭,天津市西青区张家窝镇玉锦路11-101号,39.062548,117.0414,['09:20/21:20'],4.8,35
三毛餐厅,南开区沁水道68号,39.143445,117.128089,"['10:30/14:00', '16:30/21:00']",4.8,151
三狼龙虾烧烤海鲜大排档,天津市河北区光复道街狮子林大街119-B5、6、7号,39.147224,117.199339,"['00:00/03:30', '11:00/14:00', '16:00/23:55']",0,0
三皮两馅牛肉馅饼,天津市河北区望海楼街金钟路67号,39.155127,117.204527,['11:00/20:00'],4.9,31
三秦一大碗(十一经路店),天津市河东区大王庄街道十一经路71号华润万家1楼B区106,39.120359,117.223717,['10:30/21:00'],4.9,22
三秦一大碗（天邦店）,天津市河西区大沽南路与珠江道交汇处（大沽南路1118号）泉汇购物广场二楼右侧,39.068428,117.281214,['10:00/20:00'],4.5,24
三米粥铺(大学城店),天津市西青区精武镇学畔馨园底商3C-113号一楼2号,39.048402,117.121685,['07:00/20:30'],4.7,566
三米粥铺(鞍山道店),天津市和平区鞍山道文化村津医楼3门103室,39.115182,117.181241,['09:30/21:00'],4.6,440
三胖卤味,天津市西青区精武镇付村商业街A座101-11,39.053673,117.121621,"['11:00/13:30', '17:00/20:00']",4.6,16
三色堇烘焙店,天津市南开区二纬路聚英里2号楼1门101,39.13034,117.175906,['09:45/21:30'],4.8,27
三顾冒菜,天津市河西区大沽南路1118号（天津天邦购物乐园W2003号）,39.061252,117.284629,['09:30/20:30'],4.3,36
三顾冒菜（保利店）,天津市武清区东蒲洼街振华西道盛世郦园底商1-10,39.382547,117.03016,['09:40/21:00'],4.8,4849
三顾冒菜（大光明店）,天津市武清区杨村街泉州路西侧新光广场409室,39.386745,117.058733,"['10:00/14:30', '16:00/20:30']",4.8,8067
三顾冒菜（河东万达店）,天津市津经济技术开发区（西区）香港街3号2号楼308-013,39.12461,117.25518,['09:15/22:00'],4.8,2535
上上签麻辣烫麻辣拌,天津市河西区琼州道99号D2区,39.104057,117.221386,"['00:05/01:00', '10:00/23:55']",4.5,1461
上吉埔黄焖鸡米饭(河东旗舰店),天津市河东区华捷道美福园11号楼4门底商,39.137571,117.21671,['09:30/21:00'],4.7,287
上吉铺黄焖鸡,天津市东丽区张贵庄街先锋路47号詹滨里22号楼底商,39.084863,117.309095,"['10:00/15:00', '17:00/21:00']",4.7,176
上吉铺黄焖鸡米饭,天津市西青区张家窝镇人祥北里27号楼底商13号,39.061588,117.03733,['09:00/23:00'],4.6,95
上吉铺黄焖鸡米饭（佳园里店）,天津市北辰区辰昌路佳荣里11号楼4门底商,39.193965,117.126414,['09:00/20:15'],4.6,627
上品牛肉饼,天津市红桥区北马路36号101,39.146359,117.188928,['08:00/18:05'],4.9,26
上海小南国（银河店）,天津市河西区乐园道9号银河购物中心第L4层045号,39.09079,117.21342,['10:00/21:00'],4.8,490
上海小南国（霞光道1号店）,南开区卫津南路与亮丽道交口西北侧花园别墅31号楼,39.0819,117.18047,['10:00/21:00'],4.7,529
上海小吃,天津市南开区南开大学西门学者公寓底商7号,39.105677,117.157042,['08:00/21:30'],4.4,16
上海米线(利津路店),天津市东丽区张贵庄街道金华道24号,39.086559,117.309526,['10:00/21:00'],4.8,463
上海米线（河北路滨江道店,天津市和平区河北路128号,39.124033,117.19809,['10:40/20:30'],4.8,309
上海米线（辽宁路店）,天津市和平区辽宁路162号,39.125844,117.201169,['09:30/21:00'],4.6,74
上海米线缘味先石锅饭,天津市河西区福建路-86号底商,39.102107,117.228127,['08:00/20:00'],4.9,14
上海米线黄焖鸡,南开区湖镜道16号,39.058183,117.296721,['09:00/21:00'],5,3
上辛源烤鸭店（张家窝店）,天津市西青区辛口镇青沙路1号商铺,39.067237,117.033813,['11:30/21:30'],4.8,10
不一样的麻辣香锅,天津市西青区外环线高速公路9号桥西红旗农贸综合批发市场院内3厅303号,39.061524,117.119465,"['09:00/14:00', '15:40/21:00']",4.2,1679
不一样的黄焖鸡米饭,天津市西青区精武镇姚村文博园底商67号,39.057755,117.113562,['09:30/21:00'],4,8
不停便当,天津市滨海新区大港街育梁街268号,38.998005,117.31443,['10:00/19:30'],4.3,103
不是麻辣烫香辣拌(河东店),天津市河东区大桥道和进里23号楼2门101-102,39.111008,117.251648,['09:30/21:55'],4.7,1079
丑先生酸菜鱼水煮鱼米饭(河西店),天津市河西区大沽南路爱国道恩兴后街11号德勤菜市场5号,39.09724,117.226007,['09:30/20:00'],4.7,490
丑先生酸菜鱼米饭(丁字沽店),天津市红桥区丁字沽街东大楼61号南4号,39.1824,117.160339,['09:30/22:00'],4.9,802
丑先生酸菜鱼米饭(光荣道店),天津市北辰区果园新村街道东升里底商27号楼29门,39.178044,117.149582,['10:00/20:00'],4.6,380
丑先生酸菜鱼米饭（城建学院店）,天津市西青区西营门街津静路6号王顶堤商贸城E区小吃街C座二层71号,39.097097,117.10121,['10:00/20:00'],4.7,254
丑先生酸菜鱼米饭（太阳城店）,天津市河东区鲁山道街太阳城彩丽园22-23号楼之间平房彩丽市场内门面17号,39.152732,117.289767,['09:30/21:00'],4.7,187
世纪华联生活超市(蛇口道店),天津市和平区蛇口道14号,39.106232,117.187696,['06:50/23:55'],4.9,682
世纪华联超市(烟台道店),天津市和平区烟台道62号106室,39.119604,117.209244,['00:00/24:00'],4.9,795
世纪华联超市(电台道店),天津市和平区卫津路佳怡公寓（电台道40号）增1,39.109723,117.18135,['00:00/24:00'],4.9,1315
世纪华联连锁超市,天津市河北区王串场街增产道屏花里2号楼13门,39.159051,117.227721,['08:00/23:00'],4.7,5
世纪好又多超市（玉泉路店）,天津市南开区玉泉路五云里1号楼底商,39.119957,117.168721,['07:00/23:55'],4.9,79
世纪福超市(后台店),河东区津塘公寓9号楼底商,39.114181,117.244414,['08:00/23:00'],4.8,89
世纪联华（二号桥店）,天津市河东区龙峰路408号-1,39.097023,117.294527,['07:00/23:55'],4.9,733
东东记台湾卤肉饭(张家窝店),天津市西青区张家窝镇灵泉南里10号楼底商,39.061468,117.038651,['10:15/22:00'],4.7,216
东仔过桥米线,天津市红桥区幸福里2号楼底商,39.153728,117.141532,['10:10/01:00'],4.6,108
东仔过桥米线（榆关道店）,天津市河北区榆关道291号,39.180509,117.190739,['09:00/23:55'],4.9,391
东北农家菜,天津市河北区中山北路赛园里底商35号,39.166236,117.217933,['09:30/24:00'],4.6,67
东北咱家菜,天津市西青区李七庄街高雅公寓7-2-102,39.046064,117.19352,"['09:30/15:00', '16:00/22:00']",4.7,377
东北大冷面,天津市河西区宾馆南道宾西楼28门105,39.082643,117.205168,['10:00/23:55'],4.8,70
东北大盘菜(富有道店),河西区富有道106号,39.069457,117.190923,['10:00/22:00'],4.6,216
东北大饭包,南开大学西南村市场,39.101646,117.163261,['07:00/21:55'],4.8,13
东北大馅水饺,天津市四季村蔬菜市场外6号房屋,39.099345,117.166815,['07:00/22:30'],4.6,197
东北大骨棒,天津市红桥区新红路175号,39.171282,117.16582,"['00:00/04:30', '08:30/23:55']",4.8,11
东北家常菜,天津市红桥区大胡同新开大街2号天一坊餐饮有限公司A3,39.148117,117.188583,['09:30/21:00'],4.5,25
东北小厨(富有道店),河西区富锦里商业网点,39.07079,117.19337,['09:00/22:00'],4.7,614
东北小盘菜,天津市西青区精武镇付村路星期八小镇商业街2-1-AB13号,39.053665,117.12133,['08:30/22:30'],4.3,55
东北小碗菜(旗舰店),天津市西青区中北镇侯台花园底商27-1,39.10174,117.116351,['09:50/23:55'],4.5,659
东北小肥羊烧烤海鲜,天津市河东区中山门团结东里3号楼底商8门,39.10547,117.269552,['14:15/01:30'],4.9,411
东北往事龙虾烧烤东北菜(河东店),天津市河东区大王庄街道津塘路17号天利大楼底商-2号,39.117238,117.238946,"['10:20/14:30', '16:20/22:30']",4.5,129
东北忆香缘麻辣烫,天津市南开区长虹街长虹公园风情街10号店铺,39.133659,117.156554,['00:00/24:00'],4.8,0
东北棒骨王,天津市红桥区西于庄五峰里6门4号,39.170932,117.165423,['09:30/22:00'],0,0
东北烤冷面(南开店),河西区教师村57号一楼,39.092222,117.15117,['09:30/24:00'],4.8,526
东北烤冷面狼牙土豆,天津市西青区外环线高速公路9号桥西红旗农贸综合批发市场院内3厅313号,39.061951,117.140051,['08:35/23:00'],4.6,122
东北烤冷面紫菜包饭,天津市河北区鸿顺里街军民里17-109-112,39.157263,117.191306,['10:00/01:30'],4.8,199
东北烧烤,天津市红桥区丁字沽街道红桥北大街西沽文苑28-13号,39.174142,117.17117,['17:00/02:00'],4.7,433
东北特色烤冷面(南开店）,天津市南开区南开五马路22号底商,39.135936,117.171387,['09:40/24:00'],4.8,1204
东北特色烧烤（夜宵店）,天津市河西区湘南里39门,39.090255,117.21321,['17:00/04:55'],4.3,33
"东北特色麻辣拌 ",天津市城泰消费品综合市场内T区20号,39.101623,117.163349,['09:00/20:00'],5,110
东北美食,天津市西青区张家窝玉台路23号底商,39.068157,117.03698,['09:30/22:00'],4.8,87
东北老菜,天津市红桥区龙悦路89号,39.149384,117.141659,['10:00/22:00'],4.7,14
东北肥羊烧烤(金霞路店),天津市河北区金霞路振德里3号,39.152336,117.203187,['11:30/01:40'],4.8,823
东北菜馆(河东店),天津市河东区唐家口街嘉华里20号楼1号底商,39.128253,117.242186,['11:00/22:00'],4.7,193
东北风味小吃(张家窝店),天津市西青区张家窝镇地丰里广场6号小木屋,39.067179,117.035664,['09:00/01:00'],3.8,16
东北饭包,天津市南开区天津大学四季村蔬菜市场西房4号房,39.108958,117.164669,['07:45/01:00'],4.7,372
东北饭店,河西区紫金山路寿园里5门105,39.077012,117.20035,['09:00/21:30'],4.5,188
东北骨头汇,天津市红桥区西于庄五峰里6门6号,39.171255,117.165467,"['00:00/04:30', '10:00/23:55']",0,0
东北麻辣烧烤,天津市河西区长湖路东侧雅致里北侧博疆菜市场美食街6号,39.067221,117.27995,['17:00/22:30'],5,99
东北麻辣烫(井田公寓店),天津市北辰区佳荣里街井田公寓8-5-102,39.190773,117.124083,['09:00/23:00'],4.6,209
东北麻辣烫米线冷面(玉台路店),张家窝镇玉台路20号,39.068572,117.037124,['08:15/02:00'],4.6,1106
东北麻辣烫麻辣面,天津市北辰区宜兴埠镇华盛道与高新大道交口,39.22708,117.23116,['09:00/23:05'],3.8,0
东北麻辣盆,天津市西青区精武镇迎水道2号汇成市场管理有限公司院内小吃街29号,39.05747,117.109755,"['09:00/14:00', '16:00/20:30']",4.7,195
东发顺饭庄,红桥区龙禧园底商10-106,39.161487,117.143609,"['10:00/14:20', '16:30/21:10']",4.8,695
东时馨家便当店,天津市西青区精武镇付村华木里商业街A112号-1,39.053447,117.124318,['11:00/21:00'],4.6,68
东晟便利店,天津市东丽区新立街道嘉悦园11-2-101,39.111784,117.320151,['10:00/22:00'],0,0
东游记过桥米线,天津市红桥区咸阳北路街四新道1-34号1门,39.178446,117.157159,['10:00/21:00'],5,0
东花韩国料理,天津市南开区长虹街道汶水路宜川北里1号楼4门103,39.139975,117.152445,['10:00/22:00'],4.8,139
东芳烧烤,天津市西青区张家窝镇杨武庄盈水园25号底商,39.070382,117.066849,['17:00/23:30'],4.6,43
东起顺清真(蝶桥店),天津市河东区蝶桥公寓13号楼25-30号,39.103947,117.247156,['09:55/21:35'],4.8,1970
中北兄弟烧烤,西青区中北镇东兴里商业街A区9号,39.1277,117.089019,['17:30/24:00'],4.5,115
中华美食烤冷面,天津市西青区中北镇东姜井村南临时建筑21号,39.125898,117.112126,['16:00/23:00'],5,0
"中国兰州 西北郎拉面",天津市红桥区光荣道37号,39.173249,117.167505,['08:00/22:00'],5,12
中国兰州拉面,南开区天塔道南侧上谷商业中心1-27,39.091835,117.175756,['10:00/22:00'],5,0
中国兰州拉面(河工大东院店),天津市北辰区青光镇红光农场福康里1排5号,39.179749,117.1656,['09:30/20:20'],4.2,143
中国兰州拉面(碧水家园),天津市西青区中北镇侯台村新科路碧水家园2门101号,39.10562,117.097939,['10:00/23:00'],4.8,8
中国兰州拉面（金地店）,天津市河东区二号桥津塘路156号紫乐广场2号楼-1、2、3门109,39.09518,117.283272,['09:00/21:30'],5,5
中国兰州拉面馆,河西区宾西可园东里11号底商,39.07777,117.205368,['09:00/22:00'],0,0
中国兰州牛肉拉面,天津市西青区张家窝镇瑞欣家园18-1-102门脸房,39.05343,117.049262,['10:00/22:00'],3.8,9
中国兰州牛肉拉面(喜年广场店),天津市河西区解放南路喜年广场2、3-106,39.043582,117.232546,['10:00/22:00'],4.8,41
中国兰州牛肉拉面（张家窝店）,天津市西青区张家窝镇灵泉南里第四组13号门脸,39.060187,117.039144,['08:00/22:00'],4.6,68
中国兰州牛肉拉面(枫桥园店),天津市西青区中北镇枫桥园底商7号,39.1280171889125,117.0837034834,['09:00/22:00'],4.6,95
中国兰州牛肉拉面(玉台路店),天津市西青区张家窝镇玉台路35号商铺,39.068028,117.036881,['09:30/22:10'],5,0
中国兰州牛肉面,天津市北辰区普东街安悦园2-3-101,39.202436,117.199478,['09:30/22:00'],0,0
中国兰州牛肉面(武清店),**,39.3840485685049,117.017252715575,['10:00/21:20'],5,12
中餐厅,天津市红桥区丁字沽街道丁字沽十三段北镇道1号（丁字沽十三段117门底商）,39.186123,117.152031,"['10:00/13:50', '16:50/20:30']",4.8,188
中惠捞饭&干锅煎肉饭,天津市西青区张家窝镇玉锦路10-204号,39.063218,117.042173,['10:00/24:00'],4.8,112
中礼（甜甜鲜花店）,河西区小海地九江里45门105,39.0653272403235,117.265393849222,['00:00/23:55'],0,0
中礼(馨爱鲜花店),深圳市南山区粤海街道科苑大道8号讯美科技广场2栋12层A,39.1769124901265,117.17504440876,['00:00/23:55'],5,0
中进联合美酒加咖啡,天津市西青区张家窝镇社会山广场负一层115号,39.050248,117.050782,['10:00/21:30'],5,0
丰泽园(双港店),天津市津南区双港镇五大街一号津鑫永利交易大厅231号,39.043865,117.307492,['09:00/23:00'],4.4,30
串串香火锅涮羊肉,天津市红桥区西于庄街道洪湖南路38号（左4）,39.168001,117.158701,['10:00/22:00'],3.3,33
串多多麻辣炸串,津南区咸水沽镇紫江路市场A厅66号,39.000409,117.32244,"['10:00/14:00', '16:00/21:00']",4.8,85
丸龟制面(伊势丹店),天津市和平区劝业商接南京路108号现代城C区地下二层M-10号商铺,39.1188,117.19748,['10:30/20:30'],4.8,1370
丸龟制面（天津乐天百货店）,天津市南开区东马路137号B2层第B2-9-05号商铺,39.13757,117.19127,['10:30/20:00'],4.8,1248
丸龟制面(鲁能城店),天津市南开区水上公园东路绿荫广场1和2号鲁能城购物中心B1F-B45,39.09496,117.17537,['10:00/20:30'],4.8,1678
丹丹活海鲜烧烤小龙虾(原日馋店),天津市南开区紫来花园3-1-商3增1,39.118423,117.171977,['16:00/03:00'],4.9,287
丽丽鲜果,河西区友谊紫金菜市场40,39.076,117.20098,['05:50/20:25'],4.7,246
丽姐驴肉火烧(梅江康城店),天津市西青区大寺镇倪黄庄村梨双路北西起7号门脸房,39.028731,117.223416,['09:30/21:00'],4.9,13
丽威精酿原浆鲜啤双水道店(丽威精酿原浆鲜啤酒河西店),天津市河西区珠江道九江里58-109,39.058795,117.258613,['09:00/21:10'],5,5
丽晶名酒销售中心(自由道店),天津市河北区自由道7号-101,39.133778,117.20229,['08:30/22:00'],5,0
丽飨餐厅,天津市西青区精武镇付村商业街B区303,39.054066,117.122178,['12:00/21:00'],5,1
久合聚麻辣香锅,天津市西青区西营门街津静路6号王顶堤商贸城E区小吃街A座二层29、30号,39.09491,117.100458,['09:30/21:00'],4.3,507
久龙过桥米线,天津市西青区辅武镇付村星期八商业街A区23-2号,39.053971,117.120376,"['10:00/14:30', '16:00/21:30']",5,0
义丹鹏食品超市(华苑雅士道店),天津市南开区雅士道16号,39.08371,117.139901,['07:00/23:20'],4.8,52
乌所味,天津市河西区小海地长湖路底商景致里99-6,39.066081,117.27973,['09:00/21:30'],4.9,201
乌所味(东丽店),天津市东丽区张贵庄街道利津路18号,39.090685,117.308663,['10:30/22:00'],4.9,152
乌所味(土城店),天津市河西区解放南路416号A区,39.088485,117.232025,['10:00/22:00'],0,0
乌煎道黑龙茶(师大南门店),天津市西青区精武镇付村商业街C区105-1号,39.053573,117.123602,['09:30/21:35'],4.5,71
乌煎道黑龙茶(社会山店),天津市西青区张家窝镇知景道社会山广场三层305号,39.056099,117.050749,['10:00/20:30'],4.7,12
乌豆炸货铺(学府店),天津市南开区学府农贸市场增8号,39.111042,117.156253,['10:00/20:00'],4.9,3
乐之家蛋糕坊,天津市西青区张家窝镇玉锦路5号门脸,39.062234,117.040123,['08:00/21:00'],5,1
乐乐基汉堡炸鸡店(大学城店),天津市西青区姚村智达里底商1号,39.05363,117.122081,['09:00/22:30'],4.7,577
乐乐海鲜大排档,天津市红桥区西马路西关大街4号,39.141857,117.17086,['17:00/02:00'],4.8,190
乐乐鲜果(晨阳道店),天津市河东区晨阳道晨阳里9号楼2间号底商网点,39.1394486843355,117.249096744801,['09:00/21:30'],4.8,1262
乐乐鲜果(武清店),天津市武清区杨村街泉洲东路21号商店,39.3726637508718,117.052261061634,['09:00/21:30'],4.7,850
乐乐鲜果(永安道店),天津市河西区永安道庆荣里6-9门底商13号,39.1045238486253,117.21037658259,['09:00/21:30'],4.8,942
乐乐鲜果(白堤路店),天津市南开区白堤路243号,39.1088610232782,117.155878186538,['09:00/21:30'],4.8,2219
乐乐鲜果(米兰店),天津市河北区望海楼街狮子林大街82号,39.1492342341502,117.205242345949,['09:00/21:30'],4.8,659
乐乐鲜果(金纬路店),天津市河北区望海楼街金纬路321号,39.1501431109171,117.202451190406,['09:00/21:30'],4.8,912
乐享汉堡,天津市津南区双桥河镇祥水馨苑商业街福和园21号楼8号店铺,38.998337,117.3166,['09:50/22:00'],4.6,39
乐健时代健身餐,天津市南开区林苑道36号增4号,39.058229,117.115249,"['10:00/13:50', '16:00/20:00']",4.5,422
乐博水站,天津市津南区咸水沽镇景明花园19-2-102,38.99792,117.386024,['00:00/24:00'],4.8,8
乐品客汉堡,天津市津南区辛庄镇白塘口村西,38.997974,117.313084,['09:30/21:00'],4.4,144
乐天派超市,北辰区天穆镇刘房子荣国路21号,39.188385,117.122444,['07:00/20:40'],4.8,1634
乐奇士炸鸡汉堡,天津市北辰区天穆镇刘房子沁芳里增3号-1,39.183922,117.125237,['09:00/22:15'],4.8,406
乐家悦超市,天津市河西区黑牛城道纪发大厦21号车库,39.073343,117.199831,['00:00/24:00'],4.8,526
乐尚客披萨,"天津市西青区精武镇付村路星期八小镇商业街3-1-A,B43号",39.053801,117.121895,['09:10/21:30'],4.9,45
乐尚客披萨意面(河东万达店),天津市河东区津滨大道53号101（万达室内步行街三层368、369号）,39.124283,117.254386,['10:00/21:30'],4.7,97
乐巢网咖,天津市津南区咸水沽镇南洋静怡里18号楼职工文化中心,39.016581,117.367449,['00:00/24:00'],0,0
乐桥居酒屋,天津市和平区劝业场街如意里6号101、201、202,39.124699,117.196408,['11:00/23:00'],0,0
乐森汉堡(商贸城店),天津市西青区西营门街津静路6号王顶堤商贸城E区小吃街D座1层45号,39.09747,117.100493,['09:10/22:00'],4.6,77
乐森汉堡(迎水道店),天津市南开区王顶堤迎水道明园里2号楼4门105,39.091257,117.138056,['10:45/02:30'],4.8,229
乐滋西餐厅,天津市西青区张家窝镇杰盛里53-4-102室,39.076452,117.023474,['10:00/23:10'],5,4
乐生活炸鸡汉堡简餐(万博广场店),天津市武清区杨村街建设路东侧万博广场4-20,39.369188,117.059796,['00:00/24:00'],4.7,478
"乐番煲仔饭 砂锅粥",天津市河西区大沽南路882号门脸房（东侧第三间）,39.086092,117.239519,['09:00/04:00'],4.8,94
乐盈家常菜,天津市南开区万德庄大街129号,39.120758,117.173968,"['09:50/14:15', '16:35/21:00']",4.7,3298
乐祥饭店,天津市西青区外环线高速公路9号桥西王顶堤商贸管理有限公司商贸街100号,39.082906,117.110037,['10:30/19:30'],4.7,0
乐而美（万源路店）,天津市西青区中北镇万源路菜市场北街2号,39.117111,117.085037,['07:00/24:00'],4.8,844
乐而美汉堡,天津市津南区咸水沽镇紫江路市场A区楼梯间,38.999634,117.327225,['09:00/22:20'],4.7,109
乐蜀汉堡店,天津市西青区精武镇付村商业街C区337-3,39.053532,117.123253,['10:30/22:00'],5,2
乔壹蛋糕?,天津市河东区津塘路156号紫乐广场紫乐明轩地下-178,39.115389,117.277383,['09:00/09:05'],0,0
九五饺子坊(碧水家园店),天津市西青区中北镇新科道碧水家园甜水街一层05号,39.105682,117.100897,['10:30/21:30'],5,2
九号料理,天津市西青区复康路196号王顶堤旧机动车交易市场商业街72号,39.099827,117.128554,['09:50/21:00'],4.8,607
九品太煲家常菜馆,天津市河西区绥江道81号3-38,39.056507,117.213668,['09:55/22:50'],4.9,38
九品火锅鸡・部队火锅,天津市河东区大王庄街道八纬路98号一层114号,39.121445,117.227763,['11:00/21:30'],0,0
九品焖锅世家（社会山店）,天津市西青区张家窝镇社会山广场2号楼二层215号商铺,39.052627,117.050085,['10:00/22:00'],0,0
九块九家常菜,天津市河北区华泰道295号,39.167778,117.189251,"['10:10/14:00', '16:15/21:30']",5,9
九块九脆皮鸡烤肉拌饭,天津市西青区中北镇侯台农贸市场A2排-13号,39.103111,117.100896,['09:00/21:30'],4.3,140
九如津典烤鸭坊,天津市南开区黄河道20-58双号房屋,39.138723,117.167187,"['10:00/14:00', '16:30/21:00']",4.8,4
九姑包子(杰盛里店),天津市西青区张家窝镇杰盛里46号楼1门102号底商,39.066836,117.032735,['06:30/14:00'],4.7,33
九宫煮（华庄店）,天津市津南区长青科工贸园区上海街18号B区3127,39.078147819775,117.089419960337,['09:00/21:00'],4.7,39
九怡岛骨头馆,天津市西青区张家窝玉锦路15-6号门脸,39.061576,117.040605,['10:00/22:00'],3,0
九星椒麻辣烫,天津市津南区咸水沽镇金旭里小区54号,39.015009,117.369359,['09:00/22:00'],4.4,256
九毛九（天津新业广场店）,天津市河西区黑牛城道125号二层A222号,39.07783,117.21365,"['11:00/14:00', '17:00/21:00']",4.8,227
九毛九(天津水游城店),天津市红桥区大丰路18号F3AS06-2,39.147558,117.169784,"['11:00/14:30', '17:00/21:00']",4.9,167
九瀛饭店,1,39.01501,117.36936,['09:00/21:30'],4.4,41
九禾寿司,天津市红桥区咸阳路10号,39.148596,117.138429,['10:00/21:00'],4.8,22
九禾寿司(奥城店),奥城商业广场18-1-309,39.078014,117.168296,['10:00/21:00'],4.7,174
九禾寿司(河东店),天津市河东区复兴庄南横街27号3-1-01,39.13837,117.222006,['10:00/21:00'],4.8,68
九记津菜面馆,天津市红桥区邵公庄街道西青道高层旁网点B区2门,39.155692,117.151542,['10:30/21:30'],4.8,88
九重香辣,天津市河西区大沽南路1118号天津泉汇购物广场步行街底商37号,39.067592,117.282791,['16:00/02:00'],4.8,108
九阳湘菜馆,天津市四季村蔬菜市场30号,39.109877,117.167064,"['08:20/14:30', '15:15/22:30']",4.7,439
书亦烧仙草(天津河西爱国楼店),河西区爱国楼35-101-104,39.098188,117.217951,['00:00/23:55'],4.8,122
买又大炒你妹私房小份菜,河西区信昌大楼16门1栋114-117室,39.102772,117.22017,['07:00/03:00'],4.6,3790
二人锅(天津奥园店),天津市北辰区瑞景街龙泉道北侧（乐天玛特超市一楼）,39.200092,117.120301,['10:00/21:00'],4.7,193
二人锅（天津湾店）,河西区南北大街1号三层301,39.096496,117.24071,['10:00/21:00'],4.6,30
二人锅(天邦店),天津市河西区大沽南路1118号长湖大润发超市一层1001号,39.068205,117.280769,['10:00/21:00'],4.8,211
二人锅(紫金山大润发店),天津市河西区黑牛城道与紫金山路交口昆山润华商业有限公司天津分公司内1042号,39.074792,117.201477,['10:30/20:30'],4.9,48
二十五块半(哈尔滨道店),天津市和平区劝业场街哈尔滨道126号1楼,39.124608,117.201439,['09:30/20:00'],4.8,371
二十五块半（天津华苑店）,天津市西青区复康路196号王顶堤旧机动车交易市场商业街59号,39.099964,117.128794,['09:50/20:00'],4.8,555
二十五块半(西青大学城店),天津市西青区精武镇学畔馨园S8-109,39.049008,117.120879,['09:30/21:00'],4.4,255
二十五块半（鞍山西道店）,天津市南开区鞍山西道402号,39.116559,117.154962,['10:00/20:00'],4.8,280
二华砂锅(西青店),天津市西青区大寺镇倪黄庄村环宇路4号,39.028853,117.225485,['17:00/01:00'],4.8,497
二吃兄炒饭,天津市东丽区万新街道先锋路61号汇城广场（恒星世界）五层8524-1号,39.084672,117.306668,['10:00/20:00'],4.7,137
二哥烤肉拌饭,天津市河东区春华街道月光园20-114号,39.142122,117.209521,['10:00/23:55'],4.6,45
二大爷烧烤,天津市河北区新开河街京津公路142号Z区18号,39.181022,117.191998,['10:30/23:00'],4.7,273
二姐家三个拿手菜,天津市河西区大沽南路949号,39.086481,117.236744,['11:00/22:45'],4.8,387
二姐家三个拿手菜(西湖道店),天津市南开区万兴街西湖道41号增1号,39.120046,117.15497,['10:00/22:00'],4.8,82
二姑包子(大学城店),天津市西青区精武镇学畔馨园S3A-111,39.04916,117.123857,['08:00/20:30'],3.8,35
二嫂子煎饼果子,天津市南开区鼓楼东街1-61,39.141321,117.184886,['00:00/24:00'],4.7,466
二嫂馅饼,天津市南开区鞍山西道382号,39.116344,117.155639,"['10:30/14:00', '16:30/19:00']",4.6,34
二子果木烤鸭,天津市煤业建筑器材南开公司家美横江蔬菜市场53号摊,39.100963,117.139182,['09:30/01:00'],4.9,412
二子烧烤大排档,天津市河东区清霖园二区2-111,39.154792,117.254473,['16:15/02:25'],4.9,712
二师兄的脊梁(万达店),天津市河东区津滨大道53号-1071室,39.125239,117.253341,['11:00/20:30'],5,4
于得水麻辣烫,天津市西青区精武镇付村路星期八小镇商业街3-1-42号,39.053577,117.122343,"['10:00/14:00', '16:00/20:30']",4.6,952
于记板面,天津市河东区万东路6号-1,39.144274,117.26483,['08:00/21:30'],4.7,199
于记板面王,天津市南开区园荫北里13-2-101,39.092543,117.141324,['08:00/23:00'],4.9,7
于记黄焖鸡(龙禧园店),红桥区涟源路2号（天津广发源市场C区018号）,39.162201,117.149586,['10:00/22:30'],4.9,124
云南大理寺过桥米线,天津市红桥区大胡同新开街2号天一坊A5,39.148458,117.188949,['09:30/22:00'],4.7,1050
云南正宗过桥米线,南开区淦江西里综合商店1号,39.102147,117.142797,['00:00/24:00'],4.7,731
云南砂锅过桥米线,天津市西青区怡和村大明道16号,39.183438,117.129547,['09:00/22:30'],4.6,215
云南米线,天津市津南区双林街道办事处渌水道天津职业技术师范学院南侧地铁总公司北侧B区8号,39.058445,117.297193,['09:00/22:00'],4.9,17
云南过桥米线,天津市四季村蔬菜市场内东2号,39.108958,117.164669,['10:00/21:30'],5,0
云南过桥米线(七纬路店),天津市河东区大王庄街道十二经路六号楼2-101-104,39.121434,117.226373,['09:00/23:55'],5,0
云南过桥米线(中山门二号路店),天津市河东区中山门二号路和盛公寓底商8号楼115号B区,39.1095992791908,117.256485753204,['09:00/24:00'],4.8,775
云南过桥米线（五号路店）,天津市河北区王串场街华屏里14-20栋14门,39.157689,117.227686,['10:00/03:00'],4.7,104
云南过桥米线（八纬路店）,天津市河东区大王庄街道八纬路109号家家福市场H-14号,39.119586,117.232572,['09:40/24:00'],4.7,404
云南过桥米线(张家窝店),天津市西青区张家窝镇瑞欣商业广场B区1层09号,39.0526,117.04585,['09:30/22:00'],4.8,9
云南过桥米线（新开路店）,天津市河北区淮安西道6号,39.146717,117.212959,['09:00/24:00'],4.6,1410
云南过桥米线(新环路店),天津市河东区春华街明和里小区4号楼3门105-114A区,39.142239,117.211946,['10:00/23:55'],4.7,1243
云南过桥米线（玉锦路店）,天津市西青区张家窝镇福尚街玉锦路18号内17号商铺,39.061668,117.039352,['08:25/21:00'],4.7,99
云南过桥米线(辛老路店),天津市西青区张家窝镇灵泉南里第四组11号门脸,39.060116,117.038995,['08:30/21:40'],4.9,125
云南过桥米线●黄焖鸡,天津市河北区二贤里7-105,39.156647,117.196264,['08:00/23:55'],4.6,282
云南过桥米线黄焖鸡米饭(亨通店),天津市武清区杨村街平安里21号楼底商15号门脸房,39.382397,117.020704,['10:00/21:00'],4.7,98
云南过桥米线黄焖鸡米饭(佳园北里店),天津市北辰区辰昌路,39.1929593213355,117.12763994612,['10:10/20:40'],4.7,126
云南香沅桥过桥米线砂锅面,**,39.0429059180265,117.232386295916,['09:00/22:00'],4.7,16
云味香过桥米线,天津市静海区静海镇建设路南侧育才楼7-4,39.060031,117.145576,['09:00/22:00'],4.6,60
云海肴云南菜(伊势丹店),天津市和平区南京路108号现代城C区地上八层L805-a,39.119152,117.197251,['10:00/21:00'],4.8,98
云海肴云南菜（天津大悦城店）,天津市南开区南门外大街2号天津大悦城购物中心（北区4f-38a/5f-02a,39.135281,117.180469,['10:30/21:00'],4.8,229
云阳菜馆,天津市南开区宜宾道5号一楼部分,39.123752,117.142044,"['10:00/14:30', '16:30/23:30']",4.9,63
云雅轩黄焖鸡米饭重庆小面,天津市红桥区咸阳北路兴城里6门底商-102,39.179293,117.146355,['09:30/22:00'],4.7,546
云颖烘培坊,辛口镇上辛园底商63-24,39.087037,116.971304,['08:00/21:30'],4.7,0
云鹏家常炒菜馆(大学城店),天津市西青区精武镇付村星期八小镇商业街AB-2-10-11-12,39.051851,117.122085,"['10:20/13:55', '16:00/20:55']",4.3,1
互惠超市,天津市西青区张家窝镇四季雅园40-1-102室,39.05375,117.035578,['10:00/22:00'],0,0
五区快餐盒饭(张家窝店),天津市西青区张家窝镇灵泉南里第三组8号门脸,39.061733,117.038055,"['10:40/14:00', '17:30/20:30']",5,0
五区拉面,天津市河北区新开河街榆关道25号,39.17905,117.184286,['09:00/21:55'],4.8,137
五味养生粥铺,天津市河西区柳江路东侧恒盛大厦2-9号底商,39.076204,117.211354,['00:00/24:00'],4.8,1719
五大连池矿泉水,天津市河北区律笛里2-3-104,39.1649613780498,117.202994318729,['09:00/20:00'],0,0
五洲美唐进口商品超市,天津市河西区大沽南路1118号天津泉汇购物广场二层中厅圆弧2号,39.068431,117.281219,['10:00/20:30'],5,9
五福西点,天津市西青区张家窝镇董庄子步行街玉锦路15-2（S3-04）室,39.062145,117.040362,['09:00/21:00'],4.7,37
五福西点(东菜园店),红桥区西青道东菜园2-5号,39.161467,117.150574,['07:30/21:15'],4.8,100
五福西点(大王庄),天津市河东区积善里4号楼底商首层底商-2号,39.129195,117.221332,['08:30/20:40'],4.8,525
五福西点(微山路店),天津市河西区瑞泰公寓东四号01号底商,39.064753,117.262153,['08:30/21:10'],4.8,222
五福西点（程林东里店）,河西区围堤道珠波里2号楼2门底商,39.14315,117.302259,['09:00/20:35'],4.8,151
五福西点（西青道店）,天津市红桥区幸福里2号楼底商,39.153739,117.141032,['08:00/23:00'],4.9,29
五稻香健康美食汇（天津店）,天津市和平区贵州路16号维也纳酒店一楼A区、B区,39.113109,117.19331,"['11:00/14:00', '17:00/21:00']",5,1
五谷杂粮煎饼（薛庄菜市场店）,天津市西青区张家窝镇玉台路62号转角处,39.065811,117.035958,['05:30/11:30'],0,0
五谷渔粉,天津市河东区大王庄街道八纬路98号冠寓公寓一层23号,39.121564,117.227257,['09:00/24:00'],4.7,81
五谷相宜（张窝店）,天津市西青区张家窝镇物美超市二层1397-F2-B059号,39.067228,117.033786,['10:00/22:00'],0,0
五谷粥铺,天津市河东区大王庄街道八纬路109号家家福市场M-4号,39.118633,117.231874,['06:00/23:00'],4.8,1623
五邑老友记(十一经路店),天津市河东区大王庄街道十一经路71号一层701-30-2店铺,39.12003,117.224091,['10:00/20:50'],4.8,93
井格(国贸店),天津市河西区南京路39号天津国贸购物中心4层15/16号,39.113895,117.21596,['10:00/21:00'],4.9,111
井格(爱琴海店),天津市河东区琳科东路68号(爱琴海购物公园4F420号房),39.121404,117.255192,['10:00/21:00'],4.9,58
亚惠小吃街(嘉里美食广场),天津市河东区六纬路238号嘉里汇B1001+1002单元,39.128101,117.217116,['10:00/19:30'],4.8,895
亚惠小吃街(梅江永旺美食广场),天津市西青区开发区友谊南路111号A区永旺购物中心友谊南路店3层352号,39.02894,117.21921,['10:00/20:00'],4.8,3250
亚惠美食(凯德店),天津市河西区南京路39号天津国贸购物中心B1层10B/11/12号,39.11413,117.21582,['11:00/19:00'],4.5,78
亚惠美食(南楼店),河西区大沽南路澳光大厦底商,39.096756,117.22408,['07:00/20:00'],4.8,1165
亚惠美食(新世界店),天津市南开区东马路138号负一层一号商铺,39.140152,117.190164,['10:00/20:00'],4.8,418
亚惠美食(欧亚达店),天津市红桥区西青道58号FIT03B/FIT05,39.15626,117.15268,['10:00/20:00'],4.8,1249
亚惠美食（西湖道店）,天津市南开区西湖道78号天津人人乐商业有限公司西湖道购物广场内一层A004S403F1014,39.121352,117.152608,['07:30/20:00'],4.8,718
亚杰快餐(玉台路店),天津市西青区张家窝镇玉台路71号,39.067289,117.035673,['09:00/01:00'],4.5,17
亦汐咖啡(留园),天津市海河教育园天津大学北洋园校园留园,39.002341,117.315624,['11:00/20:00'],3.8,12
京东便利店(同方花园店),天津市和平区南市街多伦道50号-底商-10,39.130019,117.191059,['00:00/24:00'],4.9,754
京东便利店(萦东花园店),天津市河东区大桥道萦东温泉花园3-商6号,39.114964,117.250336,['00:00/24:00'],4.9,558
京勺爆烤猪蹄(张家窝店),天津市西青区张家窝镇景园里第四组1号门脸,39.0607211915548,117.038375834603,['10:00/24:00'],4.7,20
京唯鲜(三水道菜市场店),河西区三水道松江里煤业市场部内133号,39.0579349147238,117.256370848914,['09:00/19:00'],5,7
京都特色铁板烤扒饭,天津市东丽区新立街道驯海路搅拌站旁30米,39.107657,117.348554,"['09:30/14:30', '15:30/21:00']",4.6,308
亮亮麻辣烫(师大西门店),天津市西青区精武镇景福花园商业3号楼18-2号,39.057302,117.119206,['08:55/21:00'],4.7,3428
亮仔快餐盒饭黄焖鸡米饭,天津市红桥区晓春新居1-203,39.143477,117.14838,['00:00/24:00'],4.7,708
亮剑串吧(天阔园店),天津市西青区中北镇津杨公路与万卉路交口西南侧天阔园公建2号楼11/15号,39.130388,117.089282,"['11:00/14:00', '16:30/22:30']",4.6,9
亲爱的麻辣烫(滨江道店),天津市和平区小白楼街道滨江道115号102室,39.128361,117.202824,['10:00/23:15'],4.7,346
亲爱的麻辣烫(西青大学城店),天津市西青区精武镇潘楼村潘馨园小区商业街C区19号,39.05878,117.110564,"['10:00/14:00', '16:00/19:30']",4.5,306
人人喜乐超市,天津市北辰区普东街姚江东路商业街姚江东路1号,39.212561,117.192878,['07:00/22:30'],4.8,572
人人水饺,天津市河西区南楼新跃里七号楼107号,39.063476,117.115647,['07:30/21:40'],4.6,58
人民公社大食堂（宜白路店）,天津市河北区中宜里19号楼旁商业网点,39.185341,117.206553,"['10:30/14:00', '16:30/21:00']",4.8,282
亿客炸鸡汉堡,天津市西青区大寺镇大寺村谊龙花园商铺19号,39.011458,117.217961,['09:30/20:30'],4.9,137
仁和居酒楼,天津市南开区黄河道向阳路33号,39.132501,117.133473,"['10:30/14:30', '16:30/21:10']",4.8,256
仁和居锅贴王,天津市西青区中北镇溪华苑2号楼2门底商,39.121617,117.069938,"['10:00/14:20', '16:30/21:25']",4.8,248
今日鲜果,河西区台儿庄路环海公寓2号楼1号底商,39.098891,117.237336,['08:45/02:50'],4.7,267
今晚吃鸡,天津市西青区外环线高速公路9号桥西王顶堤商贸管理有限公司商贸街84-85号,39.10407,117.101183,['17:00/04:00'],4.6,199
今生缘云南过桥米线,天津市河西区长湖路104号,39.068668,117.280036,['08:00/23:00'],4.7,520
今顺餐厅,东丽区规划黄岩路西侧B型24号,39.089524,117.299509,['10:00/22:30'],4.8,346
从简便当,天津市南开区王顶堤昌宁北里平房2号,39.105266,117.143621,['10:00/21:30'],4.8,248
付记板面,天津市北辰区普东街宝利新苑2-1-102,39.193571,117.201517,['07:30/22:00'],4.9,93
仙果果鲜水果店,天津市河北区光复道街昌海公寓10-48-102,39.147825,117.205483,['00:00/23:55'],4.6,60
仙芋世家（北宁湾店）,天津市和平区滨江道欧乐时尚广场B1F15,39.183602,117.210758,['10:00/21:00'],4.8,320
仙芋果园芋圆仙草水果捞,天津市南开区西湖村大街云栖里平房6号,39.121133,117.167849,['09:00/22:00'],4.8,731
仟伊味面馆,天津市北辰区天穆镇王庄村王庄市场11排2号,39.201369,117.124426,['10:30/21:00'],5,22
仟茶,天津海河教育园区雅观路,38.99506,117.335961,['07:30/19:20'],4.8,6
仟饭餐饮,天津市和平区劝业场街辽宁路178号一层,39.12525,117.202702,['10:00/22:00'],4.6,235
伊佳果园,天津市西青区精武镇姚村文博园4号楼102,39.05893,117.11381,['07:00/23:55'],4.7,663
伊兰斋牛肉包子铺,天津市亿通源商贸有限公司咸、开191号,39.184747,117.145971,['08:00/19:00'],4.8,23
伊古莉鲜花(微笑吧鲜花店),天津市东丽区成林到宏亮工业园2号路10号院内,39.1494211960651,117.311410289086,['00:00/23:55'],5,2
伊古莉鲜花（诺言鲜花店）,廊坊市安次区西昌路西环农贸市场B区59、60号,39.514584,116.673349,['00:00/24:00'],3.7,1
伊名牛肉汤,天津市南开区咸阳南路96号增1号,39.125972,117.138479,['11:00/22:00'],4.9,16
伊品椒麻鸡,天津市河北区虹光路20号宁宇家园配2-103,39.181164,117.208129,"['10:00/14:00', '16:00/21:00']",4.7,111
伊品羊汤,天津市红桥区本溪路3号,39.187765,117.141123,['10:00/22:00'],0,0
伊帆鲜花店(南开区店),天津市南开区红旗路140号,39.1213052966668,117.149403297947,['00:00/23:55'],0,0
伊杯奶茶,天津市南开区向阳路街黄河道519号幢号1-117内1号,39.141192,117.121231,['12:00/22:00'],0,0
伊游精品牛肉拉面,天津市津南区双港镇浯水道南侧宝聚家园10-底商4号二楼,39.048562,117.277917,['09:00/22:00'],4.8,125
"伊甸园鲜花 天津武清店",武清步行街77号,39.37955,117.0351,['00:00/24:00'],0,0
伊米蛋糕（东马路店）,红桥区大丰东马路御河湾新苑4-7号楼东侧底商19,39.146501,117.166131,['00:00/24:00'],4.8,7
伊米蛋糕（光华巷店）,天津市和平区劝业场街长春大光华巷10门114-116,39.122249,117.19522,['00:00/24:00'],3.7,3
伊米蛋糕(大学城店),天津市西青区精武镇姚村智达里4-2-102,39.056508,117.115757,['00:00/24:00'],0,0
伊米蛋糕(文苑公寓店),天津市津南区咸水沽镇文苑公寓1#A区-2-9,38.9864,117.38881,['00:00/24:00'],4.9,4
伊米蛋糕（杨村街店）,天津市武清区杨村街一街育才路,39.38804,117.0778,['00:00/24:00'],4.7,8
伊诺源酒楼,天津市南开区罗平道3号,39.119396,117.13715,['12:10/24:00'],4.7,1080
伍佰碗,天津市北辰区北仓镇京津公路第47中学南侧（荣发装饰城C厅美食广场内东10号）,39.236318,117.124706,['00:00/24:00'],4.9,68
休息一会儿(杨楼店),天津市西青区李七庄街静溪园4-1-201,39.053851,117.176711,['06:00/22:00'],5,0
众口香粗粮细面(咸阳北路店),天津市红桥区西于庄街道咸阳北路71号,39.17364,117.14198,['09:00/22:30'],4.7,476
众合奶站,天津市东丽区万新公寓10号楼底商天山南路21号,39.126148,117.280314,['09:00/20:20'],5,6
众品鲜易达,天津市红桥区春风里小区5号楼5门101底商;https://bbqsp.taotao.com,39.187393,117.156145,['10:00/23:00'],5,170
众缘麻辣烫,天津市南开区西湖里四号楼二栋109,39.118847,117.165439,['10:00/22:00'],4.4,0
优一家麻辣香锅,天津市北辰区青光镇杨咀村辰达路与龙泉道交口,39.194276,117.11166,['10:30/21:00'],4.6,328
优优乐炸鸡汉堡（江都路店）,天津市河北区江都路5号-101,39.156646,117.240745,['10:00/20:30'],4.9,25
优可味丰蛋糕店,天津市河东区津塘路与九经路交口,39.127933,117.227556,['00:00/24:00'],5,61
优味汉堡(和平店),天津市和平区新兴路信华楼4-4-103,39.11423,117.1847,['07:00/21:00'],5,16
优咖柠檬,天津市和平区湖南路25号,39.114194,117.204384,['10:30/20:00'],5,7
优品烘焙,天津市西青区精武镇付村星期八商业街A区3-15号,39.057539,117.116959,['10:30/18:00'],5,10
优品阁卤肉饭,天津市西青区李七庄街金奥广场5-204,39.065126,117.192884,['10:00/24:00'],4.8,267
优意客比萨小站,天津市西青区精武镇付村路星期八小镇商业街B-5,39.053302,117.119735,['08:40/23:40'],4.6,194
优晨便利店,天津市西青区卫津南路与丽江道交口东北侧金奥广场9号楼-112商铺,39.065127,117.192017,['00:00/24:00'],4.9,1035
优米粥铺,天津市西青中北镇,39.136735,117.090075,['06:30/21:20'],4.8,641
优米粥铺(佳庆道店),天津市红桥区双环村街佳园南里2-101-104,39.191377,117.13217,['06:30/23:45'],4.8,1355
优米粥铺（和平店）,天津市和平区劝业场街四平东道51号河北路52-56号104、105、106、107、108,39.125941,117.193671,['00:00/24:00'],4.8,78
优米粥铺（日纬路店）,天津市和诶去鸿顺里街日纬路永年里2号楼5门103,39.160773,117.198681,['00:00/24:00'],4.8,1367
优米粥铺(红旗南路店),天津市南开区王顶堤堤东里1号楼4门,39.096901,117.148691,['00:00/24:00'],4.7,1655
优粮卷饼王,天津市南开区王顶堤迎水西里7-3-102,39.092956,117.146361,['07:00/21:00'],4.8,49
优选便利店,天津市西青区李七庄街辛院村辛院综合市场1区17号,39.064543,117.192489,['00:00/24:00'],4.8,116
优醒餐饮店,天津市河东区富民路街道郑庄子63号滨河阳光健身会所共享前厅1号,39.087796,117.252697,['10:00/20:00'],5,9
优鲜壹号（天津林苑菜市场店）,上海市奉贤区金汇镇金星村452号一幢2274室,39.087215,117.142067,['08:30/19:00'],5,0
优鲜果园水果餐厅.轻食(天塔街店),河西区环湖中路滨湖大厦地下一层亲民菜市场内47号,39.087119,117.186164,['09:00/22:30'],5,0
伙计厨房,天津市西青区精武镇姚村公寓春风园11-2-东1-2,39.058539,117.117276,['08:00/22:00'],4.7,169
伟伟小倌羊汤,天津市南开区王顶堤林苑北里8号,39.09042,117.1409,['10:00/20:15'],5,7
伟诚小馆,天津市南开区向阳路街黄河道519号8幢底商104号,39.140625,117.119542,"['06:30/14:00', '16:30/20:00']",0,0
传奇东北老菜馆,河西区环湖中路57号,39.07605,117.19111,['00:00/24:00'],4.5,146
传奇东北菜,天津市南开区天津大学四季村5号楼2门104号,39.108764,117.164361,['10:10/21:00'],4.7,80
传奇霸王餐小份菜,天津市西青区精武镇学畔馨园S4-108二层,39.04916,117.123857,['10:00/21:00'],3.9,143
传统老味海鲜烧烤大排档,天津市红桥区水木天成碧杉园小区后平房,39.165127,117.129863,['17:00/23:30'],4.2,36
低卡笔记(天津店),天津市和平区营口道三乐里增一号,39.114714,117.192804,['10:00/20:00'],4.8,1555
体南小炒(晨阳道店),天津市河东区泰兴南路天池里1号楼前平房-1号,39.139375,117.25211,"['10:00/14:00', '16:30/22:55']",4.9,24
何姐羊汤烧烤,天津市河东区二号桥街地毯路10号-2,39.097225,117.290131,['06:00/00:30'],4.7,249
余先生川味麻辣烫,天津市和平区河北路162号,39.12299,117.200448,['10:25/21:10'],4.8,2062
余先生川味麻辣烫(小海地店),天津市河西区长湖路雅致里底商2号-2商用底商,39.066418,117.279841,['10:30/21:30'],4.2,119
余先生麻辣烫,天津市南开区二马路225号,39.125344,117.177602,['10:00/22:00'],4.5,119
余先生麻辣烫(商贸城店),天津市西青区西营门街津静路6号王顶堤商贸城E区小吃街C座1层中心一半北区1号-1,39.0969,117.1005,['09:30/20:30'],4.5,115
余记铁板饭,天津市南开区学府街天津市南开区南开大学学者公寓A1-101室门口西侧,39.107194,117.160166,['06:30/23:00'],0,0
余记锅贴,天津市河东区大王庄街道八纬路25号楼底商,39.129533,117.220708,['06:40/23:00'],4.7,133
佛跳墙御膳堂(南开店),**,39.1014809745386,117.165678165254,['08:00/23:00'],5,0
佟楼栗子糖堆(佟楼店),河西区佟楼三合里66号102室,39.097931,117.197133,['09:30/23:00'],4.9,453
你的心跳(北宁湾店),天津市河北区铁东路街万福生活广场北宁湾4层405号,39.18158,117.209012,['10:00/21:00'],4.9,272
你过来呀(小海地店),天津市河西区大沽南路1118号天津泉汇购物广场有限公司步行街02号,39.067604,117.280488,['11:00/20:00'],4.8,16
佩奇小炒,天津市红桥区丁字沽光荣道21号楼-113号,39.175604,117.170809,['10:00/21:30'],4.8,75
佩奇蟹味饭,天津市和平区开封道44-54号,39.115748,117.216161,['10:10/22:00'],4.5,67
佰味轩小厨早中晚餐,河西区宾水里52号底商,39.07662,117.183046,"['10:30/14:30', '16:30/21:30']",4.7,40
佰家粥铺（中北镇店）,天津市西青区中北镇万源路菜市场北街16号,39.117114,117.086108,['06:30/22:00'],4.9,809
佳佳乐炸鸡汉堡,天津市西青区大寺镇龙泉道与兴华路交口,39.013151,117.251797,"['00:00/02:35', '08:35/23:55']",4.7,497
佳佳基(理工大学北区店),天津市东丽区机场路西区一号楼8号,39.056888,117.146773,['09:20/22:20'],4.8,44
佳佳基汉堡(理工大学店),天津市滨海新区大港街育梁街268号学府雅居配套商业106#室,39.0701653205919,117.135815440067,['09:20/22:20'],4.8,3
佳园里炉饺,天津市红桥区瀚博农副产品市场有限公司岛商A9.10.11号,39.193965,117.131548,"['09:30/14:15', '16:00/19:05']",4.8,125
佳境锡纸花甲粉(西湖道店),天津市南开区怀安环路与三潭路交口东南侧鼎域名邸2-9,39.121307,117.158278,['09:00/22:00'],4.7,776
佳期美点蛋糕店,**,39.0912428285281,116.952324340696,['06:00/19:55'],0,0
佳源水站,天津市西青区中北镇侯台村碧水家园A区14-1-101,39.104773,117.098952,['08:00/18:00'],5,22
佳琳鲜花(欧亚达商业广场店),天津市北辰区青光镇刘家码头村北韩公路南侧（801车站旁）,39.1904350302597,117.084786822687,['07:30/23:55'],5,2
佳瑶小厨,天津市河西区,39.105175,117.223945,['08:30/21:00'],5,2
佳缘鲜花（天津环湖店）,河西区南北大街25号,39.090507,117.23928,['00:00/24:00'],0,0
侬的生煎捞菜,天津市和平区劝业场街滨江道208号友谊新天地广场B区一层BLF-05,39.124759,117.197988,['10:30/21:00'],0,0
侯师傅炸串烤肉饭,天津市西青区李七庄街金丽花园底商24号,39.056166,117.173029,['10:25/23:00'],4.8,1183
便民蔬菜,天津万德蔬菜市场C31-32号,39.120618,117.17203,['07:30/19:20'],4.3,0
便民餐厅,南开区金福南里小马路东侧门脸房45号,39.06674,117.181766,['10:00/23:55'],4.8,262
俏厨娘饺子馆,天津市东丽区张贵庄街道福山北路与栖霞道交口（丽馨农市场外房屋5号）,39.08768,117.318811,['10:00/22:00'],5,3
俏江南(天津友谊店),天津市河西区友谊北路1号,39.107851,117.204935,['10:00/21:30'],4.8,292
俏江南（天津大悦城店）,天津南开区南门外大街2号（大悦城4F-27号）,39.13635,117.17911,['10:00/21:30'],4.7,220
俏江南（天津银河店）,河西区乐园道9号（银河购物中心L3-053、054、055、056）,39.0900218872625,117.213481972275,['10:00/21:15'],4.7,365
信义广便利店,天津市河东区建新路30号,39.133089,117.250397,['07:30/23:55'],4.9,155
俪缘花店,天津市南开区咸阳路南江东里14-4-102,39.122804,117.138478,['00:00/24:00'],4.9,27
修园堂传统养生餐厅,天津市西青区李七庄街松江城公建1号楼1-102,39.055253,117.168907,"['06:30/09:30', '10:00/14:00', '16:00/20:00']",4.5,169
俺家农场(杰盛里店),天津市西青区张家窝镇杰盛里菜市场内80-81号摊位,39.0624695359713,117.033366058681,['08:30/19:00'],4.7,72
俺的农场(枫林路店),天津静海北环工业区徐良路1号,39.0598224127713,117.255879631782,['08:30/19:30'],4.9,26
健大师(太阳城店),**,39.1499084536707,117.287847022321,['09:30/20:45'],4.5,20
偶遇小龙虾,天津市河东区和睦道26号,39.108535,117.262755,['11:00/04:00'],4.6,44
偶遇炸鸡拌饭,天津市河东区大王庄街道新义信里7-12号,39.130111,117.223534,['00:00/24:00'],4.7,185
偶遇融合餐厅(大王庄店),天津市河东区大王庄街道北长路新义信里7-12号,39.129903,117.223452,['00:00/24:00'],4.6,350
傅大人汉堡,天津市西青区精武镇付村商业街B区112号,39.062614,117.119354,['09:00/21:30'],4.7,637
傅记烧烤,天津市南开区龙川路3号门脸1116号,39.107812,117.148846,['16:15/02:00'],4.7,992
傻小子长沙臭豆腐烤冷面,天津市西青区中北镇汪庄村东兴里菜市场北美食街A05,39.127786,117.088572,['11:10/01:35'],4.7,57
儿子娃娃椒麻鸡,天津市南开区长虹街道芥园西道电子技术职业学院25号底商增11号,39.14573,117.140622,['13:00/22:00'],5,4
元一手擀面,天津市西青区张家窝镇杰盛里小区45-1-102,39.06652,117.0328,['11:00/21:30'],4.8,7
元宝砂锅米线,天津市南开区三潭东里7-1-102底商,39.116701,117.152953,"['09:40/15:20', '16:20/21:20']",4.8,42
元气居汉堡奶茶,天津市河北区王串场街增产道城垣里1栋1门104,39.158333,117.233838,['09:30/21:00'],4,6
元生砂锅,天津市河西区大沽南路1118号天津泉汇购物广场有限公司一层B1081,39.068442,117.281693,['10:20/20:45'],4.7,285
元蹄小酒馆(梅江店),天津市河西区友谊南路与珠江道交口西南侧凤水园2-40,39.063612,117.215589,"['11:00/14:30', '16:30/21:20']",4.8,46
兄妹麻辣烫,"天津凯来房地产经营有限公司王顶堤百货市场B05  06  61",39.092453,117.141503,['08:00/20:50'],4.6,2038
兄弟情云南过桥米线,天津市津南区经济开发区（西区）上海街52号富士特市场领外06号,39.033495,117.277746,['09:00/22:00'],4.8,65
兄弟炒饭,天津市和平区睦南道62号,39.061637,117.293121,"['09:30/15:00', '17:30/21:00']",4.6,67
兄弟烤吧快餐店,天津市东丽区新立街新立村驯海路新乡道北20米处,39.087661,117.343974,['09:00/22:00'],4.8,139
兄弟烤肉拌饭(天津店),天津市和平区和平菜市场食品区1号,39.112468,117.190105,['09:30/21:10'],4.7,288
兄弟烤肉拌饭(韩式烤肉拌饭天津店),天津市西青区复康路196号王顶堤旧机动车交易市场商业街111号,39.100386,117.128777,"['10:00/13:45', '17:00/21:00']",4.4,365
兄弟烧烤,河西区陵水道15号,39.060169,117.255804,['17:00/22:00'],4.9,296
兄弟过桥米线(天津店),天津市河西区德才里5号,39.099436,117.187212,['08:00/05:00'],4.6,1594
光志面食府,天津市北辰区佳安里底商9-7-104-105,39.195565,117.124185,"['10:30/14:30', '16:30/21:00']",4.8,308
光荣小炒(白堤路店),天津市南开区风湖里18号楼104,39.1120468795581,117.156867203766,['10:00/22:00'],4.7,82
兜缘莱菜馆,天津市河东区琳科中路101、129号-216,39.12011,117.2554,['10:00/22:30'],4.6,254
全才面馆,天津市西青区张家窝镇玉台路25号底商,39.068353,117.036642,['09:00/23:00'],4.7,25
全时便利店(万新村店),天津市河东区万新村101区-A,39.130939,117.278924,['08:30/22:30'],4.9,1791
全时便利店（中山路店）,天津市河北区鸿顺里街中山路56号增9,39.16443635,117.20632195,['08:00/23:55'],4.9,547
全时便利店(华龙道店),天津市河东区华龙道33号-1,39.143439,117.211722,['08:00/22:00'],4.9,763
全时便利店(幸福城鹏业广场店),天津市西青区中北镇星光路1号幸福城鹏业广场101,39.118206,117.084291,['09:00/20:30'],4.9,2626
全时便利店（张家窝辛老路店）,天津市西青区张家窝镇辛老路以东知景道198号4栋1层126、127号,39.05203503,117.04946637,['09:00/22:00'],4.8,1559
全时便利店(曙光路店),天津市河北区铁东路街曙光路56号-A1,39.182827,117.214826,['08:00/22:00'],4.9,914
全时便利店（梅江喜年广场店）,天津市河西区解放南路与浯水道交口西南侧喜年广场1-103,39.04494853,117.2319907,['09:00/22:00'],4.9,252
全时便利店(水木天成阁林园店),天津市红桥区西沽街道水木天成阁林园底商1-103-1号,39.161612,117.137419,['08:30/23:55'],4.9,2304
全时便利店(玉泉路店),天津市南开区玉泉路协龙里1号楼底商（玉泉路81号）,39.115207,117.169023,['09:00/21:00'],4.9,1425
全时便利店(绍兴道久仰里店),天津市河西区久仰里8、9栋1门105,39.108466,117.221034,['08:30/22:30'],4.9,1439
全时便利店(青林大厦店),天津市河西区东江道南侧青林大厦1/2号楼-28,39.070755,117.247695,['09:00/21:30'],4.9,1400
全时便利店(风貌里店),天津市红桥区丁字沽街道风貌里26-28门底商101,39.17404,117.167346,['08:30/22:00'],4.9,1811
全村的希望精品水果,天津市津南区辛庄镇大三元院内主楼旁配套房（大发酒店一楼西侧）,39.02259,117.356628,['09:00/20:00'],4.5,49
全羊顺羊汤馆,天津市红桥区营浮路31号,39.159242,117.111927,['10:30/21:30'],4.3,12
全诚花递(漫生活鲜花店),"天津市和平区营口道197号现贵州路2号 （三层砖木）",39.1156334924944,117.193443563985,['00:00/23:55'],4.9,46
全诚花递(白鹿鲜花坊店）,天津市红桥区永丰楼,39.1876790870988,117.146437041641,['00:00/23:55'],5,13
八号线,天津市海河教育园天津大学北洋园校园留园,39.002474,117.315796,['10:00/21:00'],4.5,52
八喜冰淇淋蛋糕,天津市河北区鸿顺里街永年里2号楼4门-103,39.161355,117.197507,['07:00/22:30'],4.9,78
八喜冰激凌蛋糕(南开店),天津市南开区鞍山西道三潭东里7号楼6门首层,39.116778,117.153232,['00:00/24:00'],4.9,43
八喜鲜花,天津市河北区江都路街道真理道与泰兴路交口-1（时基泰兴路分市场A区13号）,39.156102,117.227194,['00:00/24:00'],0,0
八方云集锅贴水饺(双港店),天津市津南区双港镇北马集村东海天馨苑家福园22号楼一楼F1001号,39.052877,117.292716,['06:30/22:00'],4.9,204
八方云集锅贴水饺(真理道店),天津市河北区王串场街真理道30号,39.150273,117.234497,['07:00/20:50'],4.8,304
八方云集锅贴水饺(社会山店),天津市西青区张家窝镇社会山广场负一层A004S421F1001号,39.052442,117.050091,['09:10/21:00'],4.8,253
八方云集锅贴水饺(金街欧乐店),天津市和平区劝业场街滨江道300号欧乐时尚广场负一层B1-LK-55号,39.121086,117.195831,['10:00/20:50'],4.5,22
八方食客快餐店,天津市津南区咸水沽镇普明南里4-2-101,38.979612,117.378402,['10:00/22:00'],0,0
八桥饭庄,天津市河北区杜鹃道439号,39.173258,117.236761,"['10:10/14:30', '16:30/21:30']",4.8,142
八爷手擀炸酱面,天津市河西区紫金山路67号,39.079081,117.198504,"['10:55/14:30', '16:30/22:00']",4.7,142
八爷手擀炸酱面(华苑店),天津华苑产业区迎水道148-4-2,39.087001,117.129078,"['11:10/14:00', '17:15/20:00']",4.7,297
八爷手擀炸酱面(建昌道店),天津市河北区建昌道街建昌道39号,39.173292,117.223177,"['11:00/14:00', '17:00/21:00']",4.8,288
八爷手擀面,天津市西青区张家窝镇潮向城A1-03号底商,39.06458,117.042945,"['11:00/14:25', '17:00/20:50']",4.8,395
八爷手擀面（延安路店）,南开区延安路15号,39.134617,117.114979,"['10:40/15:00', '16:25/22:00']",4.7,103
八爷手擀面（盛世骊园店）,天津市武清区新城泉达路西侧振华西道北侧盛世骊园1-8,39.382373,117.031703,"['11:00/14:30', '17:00/21:00']",4.9,100
六宝鸭(育才里店),天津市津南区咸水沽镇荣吉楼一层底商5号,39.001843,117.378016,['10:00/23:00'],3.8,22
六点钟早点(瑞欣家园店),天津市西青区张家窝镇瑞欣家园26号楼底商2门102号,39.054379,117.047681,['07:00/14:00'],4.7,233
兰州传统牛肉面,天津海河教育园区同砚路38号南开大学商业街理1-201,38.986115,117.341607,"['09:40/14:00', '15:40/22:00']",4.7,44
兰州拉面,河西区宾水里商业网点103号,39.076961,117.18316,['09:00/22:30'],3.7,4
兰州拉面(华新大街店),天津市河北区宁园街道万柳村大街1号,39.164093,117.212763,['08:00/23:00'],5,0
兰州拉面（天房美域店）,天津市西青区李七庄街卫津南路与集美道交口西北侧美域兰庭12／13号楼201,39.0564406428444,117.189521843844,['09:00/22:00'],4.8,80
兰州拉面（新科路店）,天津市西青区中北大道溪华苑10门,39.105425,117.101012,['09:30/23:30'],4.5,106
兰州拉面（桃花园东里店）,天津市红桥区丁字沽街道桃花园东里1号楼底商4号,39.177504,117.169346,['10:00/22:30'],0,0
兰州拉面（社会山南苑店）,天津市西青区张家窝镇社会山南苑商业街配建二105号,39.047289,117.045607,['09:00/22:00'],4.8,10
兰州拉面(西湖道店),天津市南开区西湖道华章里4号楼1门101,39.119936,117.158517,['08:30/01:00'],4.8,372
兰州拉面刀削面,天津市西青区张家窝镇华庄村华兴里农贸市场厅屋1号,39.078227,117.089954,['10:00/21:20'],3.5,1
兰州欣鼎拉面,天津市红桥区咸阳北路街兴城里底商7-101,39.17965,117.146516,['07:30/23:05'],4.6,110
兰州正宗手工牛肉面,天津市河北区三马路11号,39.164727,117.20625,['10:00/21:05'],4.8,9
兰州正宗牛肉拉面,天津市河北区增产道123号,39.158336,117.230934,['09:00/00:40'],4.7,132
兰州正宗牛肉拉面(瑞欣家园店),**,39.0538110534224,117.049478446236,['10:00/21:00'],4.5,13
兰州牛肉拉面,天津市河北区辰纬路辰曲里15门102号,39.161825,117.201697,['09:00/23:00'],4.6,10
兰州牛肉拉面(中发里店),天津市西青区李七庄街中发里8-7-101底商,39.059793,117.178257,['00:00/24:00'],4.8,48
兰州牛肉拉面(冬云里店),天津市西青区西营门街西青道冬云里小区2号楼1门底商,39.152982,117.120784,['10:00/22:00'],4.6,35
兰州牛肉拉面(张兴庄店),天津市河北区铁东路街张兴庄大道75号,39.183585,117.20795,['09:00/23:00'],4.6,45
兰州牛肉拉面(杰盛里),天津市西青区张家窝镇杰盛里45-1-102底商,39.066655,117.033425,['09:00/22:00'],4.5,66
兰州牛肉拉面(泰兴南路店),天津市滨海新区油建路54号,39.137409,117.253067,['10:00/22:00'],4.7,47
兰州牛肉拉面(海泰店),天津市和平区兰州道隆昌里6号1门101,39.0806354420021,117.093531823454,['09:20/20:30'],4.7,58
兰州牛肉面,天津市河东区鲁山道街凤山商业广场B座102商铺,39.156268,117.277286,['10:00/22:00'],4.8,35
兰记烧麦,天津市和平区劝业场街四平东道60号平2、平3,39.128636,117.194881,['09:00/22:30'],4.8,892
关东范er锅包肉(黄河道店),天津市南开区黄河道虹畔大厦一层部分,39.137585,117.154673,['09:30/21:40'],4.8,348
关公羊肉,天津市武清区杨村镇泉州北路荔隆广场2楼九龙阁美食城,39.389525,117.062377,['08:00/21:10'],4.6,62
兴喜客饺子菜馆,天津市河东区中山门互助南里19号楼底商,39.105391,117.26044,['10:00/21:20'],4.9,102
兴隆饭店,天津市西青区张家窝镇瑞欣家园29号楼2门102号底商,39.052906,117.048942,['10:00/21:30'],4.5,46
内蒙特产(社会山店),天津市西青区张家窝镇社会山商业广场负一层136号,39.052794,117.052671,['10:00/21:20'],5,0
内蒙草原羊肉专卖,河西区福建路83号增3号裕丰富裕农贸市场12-13号店铺,39.082895,117.229219,['07:30/19:30'],4.9,121
再回首湘菜馆,天津市西青区大寺镇贾庄子村瑞晟花园7-1号底商,39.013106,117.25082,['10:00/23:00'],4.5,77
冒儿哥冒菜（中铁广场店）,天津市河北区建昌道街金钟河大街245号中国铁建国际城诗景广场3F-N319-1号,39.168751,117.233773,['10:00/21:30'],4.8,755
冒儿哥冒菜(印象城店),天津市西青经济开发区友谊南路111号天津印象城B1-04,39.027231,117.21884,['10:30/20:50'],4.8,2240
冒儿哥冒菜（泉汇广场店）,天津市河西区大沽南路1118号天津泉汇购物广场有限公司B区1064号,39.06906,117.282055,['10:30/21:00'],0,0
冒儿哥冒菜(熙悦汇店),天津市南开区黄河道与密云路交口熙悦汇购物中心第四层第19号商铺,39.137015,117.124488,['10:30/21:00'],4.8,610
冒儿哥冒菜(银河店),天津市河西区乐园道9号银河国际购物中心第L5层010-2、011号,39.09079,117.21342,['10:30/21:00'],4.9,2169
冒巴适冒菜,天津市西青区精武镇付村星期八商业街c区43-1号,39.053702,117.121709,['10:00/22:00'],4.5,72
冒点儿冒菜(劝业场店),天津市和平区劝业场街辽宁路庆欣里26号二楼,39.126444,117.199649,['10:30/20:30'],4.9,409
冒点儿冒菜（胜利路店）,天津市河北区光复道街胜利路197号,39.146458,117.206773,['10:00/21:00'],4.8,2699
冒菜时间(丁字沽路店),天津市红桥区咸阳北路街丁字沽新村四段12号,39.179502,117.161283,['10:00/19:30'],4.7,2408
冒菜时间(二纬路店),天津市南开区二纬路春晖里1-2-101-103,39.129831,117.179269,['10:00/19:30'],4.7,1532
冒菜时间(梅江店),天津市河西区珠江道以北西江道以南五号堤路18号增16号,39.065834,117.225191,['09:50/20:00'],4.8,1753
冒菜麻辣拌,天津市河西区解放南路475号珠江美食餐厅1号,39.066708,117.236028,['09:30/19:00'],5,3
冒蜀黍冒菜,天津市西青区中北镇星光路星光天地一层106,39.125144,117.075917,['11:00/22:00'],4.8,428
军之强百货店,天津市西青区精武镇姚村春风园5号楼2门101,39.057539,117.116959,['07:30/23:55'],4.6,543
农家菜馆(富民路店),天津市河东区富民路滨河新苑二层201,39.086838,117.257804,"['10:20/15:00', '16:30/22:30']",4.7,176
冠鸣清水小龙虾炒菜,天津市河西区大沽南路878号底商,39.086989,117.236577,['00:00/24:00'],4.3,1
寰媚诶面,天津市河西区苏州道106号,39.108524,117.213106,['10:30/20:30'],4.8,370
冬の恋手工烘焙坊,天津市和平区吴家窑二号路50号,39.102917,117.188722,['00:00/24:00'],4.9,3
冯强民山西刀削面馆（社会山南苑店）,天津市西青区张家窝镇社会山南苑配建二-110号,39.046881,117.045471,['10:30/21:00'],5,0
冰之优作雪域慕斯蛋糕(南开店),天津市南开区三马路东方商厦地下A11,39.135538,117.173027,['00:00/24:00'],5,0
冰之优作雪域慕斯蛋糕（武清店）,天津市武清区杨村街香江广场22号楼105,39.360192,117.070485,['08:00/18:00'],5,0
冰之优作雪域慕斯蛋糕(河西店),天津市河西区柳江路恒盛大厦2号楼435室,39.075943,117.211411,['00:00/24:00'],4.7,3
冰冰酱,天津市西青区张家窝镇人祥南里第三组5号,39.060855,117.038658,['09:00/23:55'],4.9,23
冰冰酱刨冰(中北镇店),天津市西青区中北镇东兴里商业街C区35号1楼,39.129739,117.088607,['10:50/23:30'],4.8,58
冰冰酱鲜奶吧,天津市东丽区利津路D区96号,39.08725,117.307814,['09:50/22:30'],4.9,132
冷锅串串巴盟酿皮(商贸城店),天津市西青区西营门街津静路6号王顶堤商贸城E区小吃街A座一层32号-1,39.094886,117.10067,['10:00/23:00'],5,33
凉皮先生@营养粥-汤(金奥店),天津市西青区李七庄街金奥广场5-305,39.066143,117.193054,['09:50/22:30'],4.8,225
凉皮凉拌菜,天津市东丽区新立街津塘公路五号桥北四合庄农贸市场C区2号,38.99598,117.31604,['10:00/20:00'],4.3,288
凉皮凉面,天津市红桥区大胡同农贸市场摊位59号,39.148986,117.187862,['10:00/19:00'],0,0
凡仔汉堡,天津市津南区咸水沽镇金旭里小区三号楼前的6号车库,39.015047,117.367478,['10:00/20:00'],0,0
"凡仔汉堡（利民道店） ",天津市河西区利民道越秀路23-25号,39.098435,117.211726,['10:00/20:55'],4.9,162
凡仔汉堡(科财店),天津市河西区小海地曲江路26号,39.067349,117.265864,['09:00/22:30'],4.8,782
凤仪快餐,天津市和平区劝业场街辽宁路120号,39.126809,117.198561,"['00:00/03:00', '09:20/23:55']",4.4,747
凤牌水饺,河西区文明里2-110-113,39.082147,117.216874,['10:30/21:30'],4.8,74
凯思贝恩,**,39.1482986386008,117.144648010449,['06:30/24:00'],0,0
凯熙迪餐吧(大学城店),天津市西青区姚村冬盛园,39.058571,117.116159,['09:00/03:00'],4.3,5
凯熙迪餐吧(姚村店),天津市南开区长江道23号内11号,39.058331,117.115629,['09:00/03:00'],0,0
凯顺餐厅,天津市北辰区天重道66号,39.211175,117.148452,"['10:35/14:55', '16:30/21:30']",4.8,237
刀削面饺子坊(杨伍庄店),天津市西青区张家窝镇杨伍庄盈水园小区底商8号,39.071855,117.06735,['10:00/22:00'],4.6,22
刀叉遇上筷子（河西店）,天津市河西区大沽南路与中环线交口南楼新里第一层桂发祥食品广场1F101号,39.093413,117.223316,['11:00/21:00'],4.9,164
刀小蛮半只鸡云南米线(天津大悦城店),天津市南开区南门外大街2号天津大悦城购物中心【北区4F-38a/5F-02a】号,39.13512,117.17989,['10:00/21:00'],4.7,106
刁家五香鸡,天津市北辰区青光镇瑞顺市场西侧1号,39.192943,117.114026,['09:00/21:35'],5,1
刁馋一锅鲜（刘园店）,天津市北辰区刘园新苑商业楼辰兴路6号,39.211757,117.121997,['10:30/21:00'],4.8,66
刁馋一锅鲜（北宁湾店）,天津市河北区铁东路街宁宇家园9号楼/配3-237,39.180136,117.209382,['10:40/20:50'],4.8,58
刁馋一锅鲜(张家窝店),天津市西青区张家窝镇家华里底商7号,39.069025,117.033171,['10:00/21:30'],4.7,33
刁馋一锅鲜(爱琴海店),天津市河东区琳科东路68号（爱琴海购物公园）6F613,39.121861,117.254541,['10:40/20:50'],4.8,22
分米鸡(友谊新天地店),天津市和平区滨江道208号友谊新天地广场B区负一层B0F-37,39.125052,117.197552,['10:15/20:30'],4.9,4
刘小厨芝士h饭,天津市西青区精武镇景福花园商业3号楼14号-H区,39.058518,117.113627,"['09:00/13:55', '16:00/20:55']",4.8,847
刘胖子家常菜,天津市和平区劝业场街包头道43号105平7,39.123094,117.185889,"['08:30/15:00', '16:00/21:55']",4.5,2926
刘记刀削面(银泰公寓店),红桥区银泰公寓1-4门底商137-139,39.161548,117.152287,['10:20/22:00'],4.6,58
刘记家常菜,天津市和平区劝业场街山西路115号108、109、110,39.123127,117.194467,['08:30/01:00'],4.5,5378
刘记快餐,天津市北辰区天穆镇王庄市场四排七号,39.201729,117.12425,['10:50/18:30'],0,0
刘记拉面馆（新安店）,天津市南开区东马路新安花园1-5,39.139493,117.189226,['09:30/21:00'],4.4,20
刘记板面牛杂面,天津市南开区楚雄道89号增2号,39.1003942,117.1385922,['10:00/22:00'],5,4
刘记烧烤麻辣烫,天津市河东区太阳城鲁山道与贺兰路交口,39.158615,117.27399,"['10:30/14:30', '16:00/01:00']",4.8,804
刘记煎饼果子,天津市红桥区翠溪园6号楼1门101,39.180734,117.1325,['05:30/21:30'],4.7,98
刘记特色牛杂面（泰兴南路店）,天津市河东区泰兴南路79号,39.13486,117.253424,['10:00/20:45'],4.8,51
刘记私房麻辣香锅(长春道店),天津市和平区劝业场街长春道292-1号,39.120209,117.194114,['11:00/22:00'],4.4,41
刘记老北京脆皮烤鸭,天津市西青区中北镇东兴里菜市场一厅C区3排5-6号,39.127601,117.087928,['08:00/21:00'],4.8,56
刘记酱制(薛庄菜市场店),天津市西青区张家窝镇薛庄子菜市场内7号,39.068058,117.035688,['00:00/23:55'],0,0
刘记麻辣烫,天津市河北区铁东路街华宜里13号楼61号门,39.18972,117.205604,['10:30/22:20'],4.9,944
刘记麻辣烫（育红东里店）,天津市河北区育红东里5-105,39.16893,117.224107,['10:00/22:00'],4.8,491
刘记黄焖鸡米饭特色米线,天津市河北区曙光路41号,39.183887,117.213104,['09:00/23:00'],4.8,432
刚刚好快餐,天津市城泰消费品综合市场内A26号,39.100968,117.163376,['10:00/21:00'],4.6,1
刚好遇见你酸菜鱼,天津市南开区天津大学四季村3-1-101,39.110134,117.164181,['07:30/23:00'],4,11
初名饺子（三马路店）,天津市河北区鸿顺里街三马路9号,39.16509,117.205213,['09:00/21:00'],4.9,136
初名饺子(中北镇店),天津市西青区中北镇东兴里商业街D32-33,39.129444,117.088859,['09:00/21:30'],4.9,225
初名饺子（五金城店）,天津市南开区延安路27号增10号,39.13374,117.11614,['09:00/21:00'],5,26
初名饺子（刘园店）,天津市北辰区辰兴路刘园新苑小区幼儿园西侧商业楼8号,39.212,117.12196,['10:30/21:00'],4.8,27
初名饺子(北宁湾店),天津市河北区迎贤道155号,39.179675,117.209269,['09:00/21:00'],4.9,282
初心鲜花（天津店）,天津市和平区贵阳路文善楼7栋1-4号101,39.116016,117.191431,['06:00/20:00'],5,35
初恋麻辣香锅(香江广场店),天津市武清区杨村街香江广场24号楼104,39.359842,117.07051,['09:30/23:55'],4.6,1046
初识陈家店,天津市河西区枫林路6号,39.06,117.256019,['10:00/20:00'],4.8,96
刨大人冰品(津南店),天津市津南区辛庄镇新濠广场1，2号楼-2-底商8号,39.027842,117.344042,['12:00/24:00'],4.9,25
刨饮食代,天津市南开区天津大学四季村蔬菜市场内西5号房,39.108958,117.164669,['07:00/22:00'],4,0
利哥烤冷面章鱼烧,天津市西青区精武镇景福花园商业3号楼14号-H区,39.057232,117.114109,"['10:00/13:35', '15:30/21:45']",4.7,68
利哥烧烤(总店),天津市河北区铁东路街宁宇家园7号楼底商103,39.182024,117.209629,['16:00/04:00'],4.7,1181
利好超市,天津市西青区精武镇姚村公寓冬盛园8-5-东1-2,39.058475,117.115184,['07:00/22:00'],4.9,55
利客来超市,天津市西青区大寺镇大任庄村任宝里门脸房西2号,39.028318,117.240708,['07:30/23:00'],4.9,193
利敏达牛羊肉,天津市西青区张家窝镇薛庄子菜市场5号,39.06807,117.0356,['09:00/19:00'],0,0
利福驴肉火烧,天津市河东区润晖公寓1-10号,39.134787,117.232173,['06:30/21:30'],4.4,27
利达切面馒头,天津市体中蔬菜市场内东房4号,39.066525,117.180686,['06:20/19:30'],4.8,115
前女友饭店,津市河东区中山门景悦公寓底商-2-107-1C,39.108412,117.255131,['10:00/01:00'],4.7,392
功夫冒冒菜,河西区解放南路名都新园15号楼底商15-7,39.06249,117.234374,['11:00/20:30'],4.9,99
功夫卷饼,天津市西青区大寺镇张道口宇泰家园对面左起5号门脸,39.030477,117.214252,['07:30/21:00'],4.7,111
功夫麻辣烫,天津市西青区中北镇中北工业园（北园）曦霞路8号,39.149372,117.073624,['08:30/20:30'],4.9,307
功夫龙虾牛X鸽子,天津市武清区杨村街招商场商业楼丙区23号,39.386968,117.065323,['17:00/23:00'],5,1
加州牛肉面（曲江路店）,天津市河西区小海地曲江路30号,39.065097,117.265724,['08:30/21:30'],4.9,149
加梅便利店,天津市和平区河北路102号101,39.124422,117.197101,['00:00/24:00'],4.8,15
努娜韩国料理,东丽区新世嘉大厦6-1-6,39.08937,117.312465,['10:30/21:00'],4.9,75
勇强海鲜烧烤涮,天津市北辰区普东街都市桃源公寓增12号,39.202873,117.198341,['16:00/24:00'],4.8,387
勾馋麻辣烫专门店,天津市河北区增产道8号乐活坊3-4,39.159083,117.243461,['10:30/20:00'],4.8,529
勿忘初心麻辣香锅,天津市红桥区白酒厂大道41号106,39.179313,117.154426,['10:30/21:00'],4.8,992
勿忘我盖浇饭,天津市和平区劝业场街竹荫里5号101-102,39.122904,117.199325,['09:30/23:00'],4.6,418
包天下,河西区大沽南路1118号(天邦购物乐园4-8号),39.067466,117.281166,['09:45/20:50'],4.9,104
包笼兴老味包子铺(佳园里店),天津市北辰区瑞贤园左侧底商,39.19545992,117.1147699,['07:00/19:30'],4.8,485
包饭天国,和平区南京路181.183-负134,39.108516,117.165177,['07:30/01:00'],4.5,110
北京烤鸭,天津市红桥区丁字沽街道四新道38-12-1,39.182294,117.160063,['10:00/20:00'],4.9,35
北京片皮烤鸭,天津市西青区精武镇付村路星期八小镇闽市社B23,39.053826,117.122339,['09:00/21:00'],4.5,173
北区拉面,河西区珠江道69号,39.063819,117.233673,['09:00/21:00'],4.8,116
北区拉面(南开大学店),天津海河教育园区同砚路38号南开大学商业街文1-103,38.992435,117.34169,['10:00/21:00'],4.6,289
北李妈妈菜（国贸店),天津市河西区南京路39号天津国贸购物中心04层04/05号,39.114061,117.216132,['10:00/21:30'],4.8,452
北李妈妈菜（爱琴海店),天津市琳科东路68号（爱琴海购物公园4F408b）,39.121278,117.254979,['10:00/21:30'],4.9,217
北来顺烧麦小炒回头（江都路店）,天津市河东区江都路饭馆美味餐厅（江都路35号）,39.149233,117.240308,['11:00/21:30'],4.6,19
北来香餐馆,河西区黑牛城道大吉兴大厦A-1号车库,39.072355,117.195642,['10:00/21:00'],4.7,66
北欧时光西餐厅,天津市西青区张家窝镇知景道198号4栋一层158-159号,39.050426,117.050087,['11:00/21:00'],3.9,9
北纬30度,天津市西青区精武镇学畔馨园S1-107二楼-2,39.049941,117.120966,['10:00/21:00'],5,10
北路拉面(本溪路店),天津市红桥区咸阳北路街昌图楼3门101-105号,39.187312,117.144725,['07:00/21:00'],4.8,142
北路拉面馆（中嘉路店）,天津市红桥区光荣道宏泰公寓裙房-1,39.175677,117.150789,['07:00/21:30'],4.9,162
北路拉面馆(洪湖北路总店),天津市红桥区礼貌大街31号,39.169591,117.159289,['06:00/22:00'],4.8,615
匠滋炒饭(友谊新天地店),天津市和平区劝业场街河北路如意里8号105,39.124658,117.196531,['10:00/22:00'],4.8,244
匠码头徒手海鲜,天津市河东区中山门互助西里22-1-101号A区,39.105973,117.260813,['10:00/21:00'],0,0
匠骨头（宜白路店）,天津市河东区卓越大厦1号楼-3613,39.192769,117.208769,['10:00/23:00'],4,58
匠骨头（晨阳道店）,天津市河东区晨阳道帝旺温泉花园林语居9号楼3门102底商,39.13956,117.246856,['10:00/20:50'],4.7,53
匠骨头（果园北道店）,天津市北辰区果园新村街道霞光里底商2-33,39.219855,117.135989,['10:50/20:30'],4.6,42
匠骨头（珠江道店）,河西区解放南路名都新园15号底商,39.06273,117.23423,['10:30/21:00'],4.9,97
匠骨头(社会山店),天津市西青区张家窝镇知景道198号4栋一层104-105号,39.05014,117.049956,['11:00/20:00'],4.6,37
匠骨头匠心排骨饭(香江广场店),天津市武清区杨村街香江广场27号楼101,39.358379,117.070671,['10:00/22:00'],4.5,86
匹诺曹比萨(李七庄店),天津市西青区李七庄街中发里1-4-002,39.056528,117.179115,['10:00/22:00'],5,1
十七佳烤肉饭(麦购店),天津市和平区劝业场街哈尔滨道168号108,39.122481,117.199119,['10:30/20:00'],4.6,78
十之味酸辣粉,天津市西青区精武镇付村路星期八小镇商业街AB-48,39.05265,117.12441,['10:00/23:40'],4.7,22
十分粥道,天津市和平区劝业场街山西路光华巷13-108-111,39.121847,117.194823,['00:00/24:00'],4.8,1766
十秒到过桥米线(社会山店),天津市西青区张家窝镇知景道198号4栋一层102、103号商铺,39.052047,117.049686,['11:00/21:30'],4.6,25
千一百味,天津市红桥区小西关大街73号,39.145763,117.152348,"['10:00/14:15', '16:15/21:00']",4.7,500
千佳惠干锅煎肉饭,天津市河西区柳林街长湖路东侧雅致里北侧博疆菜市场美食节10号,39.067314,117.280416,['08:30/21:00'],4.7,308
千佳惠干锅煎肉饭(大学城店),天津市西青区精武镇付村商业街C区10号、12号、16号二楼,39.0536,117.122953,['09:00/24:00'],3.5,13
千佳惠干锅煎肉饭(玉锦路店),天津市西青区张家窝镇玉锦路10-204号,39.063029,117.04173,['10:00/23:55'],4.8,18
千佳惠干锅煎肉饭(美院店),天津市河北区铁东路街爱贤道283号,39.185452,117.216701,['10:00/20:30'],4.8,292
千佳惠干锅煎肉饭(香江广场店),天津市武清区杨村街道香江广场25号楼104,39.359066,117.070523,['09:00/21:00'],4.9,30
千椒百味麻辣香锅,天津市河北区王串场六号路71号,39.154344,117.232032,['10:00/21:30'],4.7,329
千百味重庆小面,天津市东丽区金华道6号一层,39.088328,117.30883,['11:30/21:40'],4.8,151
千谷寿司料理(华苑店),**,39.0715476799164,117.135147435024,['10:00/19:30'],4.8,23
千顺手擀面(张家窝店),天津市西青区张家窝镇瑞欣商业广场底商1-1号,39.053887,117.044498,['10:00/22:00'],4.7,8
千饺百味饺子馆,河西区小海地三水道20号,39.056993,117.256022,['10:35/21:05'],4.8,323
午后阳光水果捞(天娇里店),天津市武清区东蒲洼街天娇里商业街22-15门,39.367676,117.036072,['10:00/23:00'],4.6,18
午茶快餐店,天津市和平区五大道街南京路125号第五大道商业街1017,39.117273,117.202117,['10:05/22:00'],4,1
卉霸鲜花店,红桥区本溪路,39.1825144203719,117.140505356266,['00:00/24:00'],5,4
半份家常菜,天津市河东区二号桥詹庄子3号,39.092485,117.29964,['09:00/22:30'],4.7,1076
半糖bakery,天津市东丽区新立街道海莲道1-24号,39.112982,117.321031,['10:00/22:00'],0,0
华堡士汉堡,天津市河东区大直沽五号路14号,39.107967,117.234967,['10:40/04:20'],4.7,212
华姨家烤大面筋,天津市河西区解放南路与珠江道交口瑞江花园（菊苑）3号楼底商8,39.066232,117.226261,['12:00/23:00'],5,64
华桥披萨,天津市津南区北闸口镇育英里8号楼15号底商,38.95335,117.40068,['00:00/24:00'],4.8,55
华盛顿汉堡(海河教育园区店),天津市津南区咸水沽镇金芳园13号楼102,39.00257,117.315964,['09:50/22:00'],4.3,66
华粤酒家,天津市南开区鞍山西道学湖里4号一楼,39.113452,117.166124,"['10:30/14:00', '16:30/20:45']",4.9,3
华莱士（天山南路店）,天津市东丽区程林街南大桥魏康东里三条11号,39.123783,117.28035,['09:00/21:00'],4.7,1091
华莱士（曲江道店）,"天津市河西区小海地曲江路11（21,23）21门第四间",39.063036,117.266459,['08:00/21:30'],4.7,0
华莱士(财经学院炸鸡汉堡店),天津市河西区三水道玉峰花园底商21号,39.055745,117.269077,['07:30/21:30'],4.8,1674
华莱士(金海道炸鸡汉堡店),天津市河北区望海楼金海道108号底商,39.152974,117.201459,['08:00/21:00'],4.7,1183
华莱士（龙禧园店）,红桥区红旗北路龙禧园18号楼底商-103,39.161399,117.141753,['07:40/21:20'],4.8,1322
华莱士汉堡炸鸡(枫丹天城店),天津市武清区东蒲洼街雍阳西道530号枫丹天城底商,39.387361,117.022668,['08:00/22:20'],4.6,744
华莱士炸鸡汉堡(万峰路店),天津市南开区万峰路11号,39.120044,117.173569,['08:40/21:40'],4.7,677
华莱士炸鸡汉堡(五爱道店),红桥区丁字沽二段19号楼18-21轴底商,39.1763538,117.1675223,['07:00/22:00'],4.8,1791
华莱士炸鸡汉堡(复康里店),南开区复康里1号（4）,39.099048,117.176142,['08:00/21:30'],4.7,1010
华莱士炸鸡汉堡(天津工业大学店),天津市西青区精武镇景福花园商业街底商3号楼16-A号,39.058354,117.118457,['10:00/21:00'],4.4,278
华莱士炸鸡汉堡（张家窝店）,天津市西青区阳毅餐饮服务加盟店,39.06089,117.03854,['09:00/23:30'],4.6,464
华莱士炸鸡汉堡(汾水道店),南开区汾水道95-97号,39.1412,117.13208,['07:30/21:40'],4.8,1641
华莱士炸鸡汉堡(碧水家园店),天津市西青区中北镇碧水家园C区1-4-101底商,39.104357,117.10158,['07:30/21:50'],4.7,102
华莱士炸鸡汉堡(翠金园店),北辰区翠金园底商36号,39.18838,117.22258,['07:30/21:20'],4.7,917
华莱士炸鸡汉堡店(中山路店),天津市河北区鸿顺里街中山路56号,39.163997,117.205778,['07:00/21:00'],4.8,375
华豪名便利店,天津市红桥区芥园道169号,39.145781,117.145929,['08:00/20:00'],4.9,12
单县羊汤,天津市西青区大寺镇倪黄庄村环宇路8号门脸房左起3号,39.029563,117.225357,['10:00/22:00'],4.7,6
南京大牌档(南京路世纪都会店),天津市和平区五大道街南京路181、183号世纪都会商厦3层321号,39.117992,117.199097,"['10:30/14:30', '16:30/21:30']",4.8,935
南京大牌档(天津恒隆广场店),天津市和平区小白楼街兴安路166号恒隆广场4层4029号,39.128026,117.199914,['10:30/21:30'],4.8,723
南京大牌档(小白楼国贸店),天津市河西区南京路39号4层11/12号,39.113634,117.216404,['10:30/21:30'],4.8,1330
南北寻味.酸菜鱼.粥铺(凯东店),天津市东丽区万新村街道雪莲南路与程盛道交口南二百米房屋,39.112987,117.321286,['08:30/21:30'],4.7,190
南大老王豆皮,天津市城泰消费品综合市场内5号,39.10155,117.163279,['09:40/19:30'],4.9,774
南大西南村老王豆皮(河东万达店),天津市河东区津滨大道53号1083号,39.124969,117.253837,['10:30/21:50'],4.6,146
南小馆（天津大悦城店）,南天津市南开区南门外大街2号的天津大悦城购物中心【2F-01a】号商铺,39.134655,117.179587,['10:00/21:30'],4.7,951
南巷粢饭团,天津市南开区南开大学西南村城泰消费品综合市场门脸C1,39.100537,117.164101,['09:00/20:00'],4.8,137
南方酒家,河西区陵水道22号,39.060524,117.256667,"['09:25/14:30', '16:30/21:30']",4.7,40
南汤北谷中式简餐店,天津市西青区西营门街津静路6号王顶堤商贸城E区小吃街C座1层中心一半南区1号,39.095788,117.10046,['09:00/21:00'],4.4,142
南洋鲜生环球百货仓储店,天津市武清区东蒲洼街保利上河雅颂38号楼106室底商,39.379771,117.033698,['09:00/21:00'],0,0
博乐汉堡店,天津市西青区精武镇付村星期八商业街C区17-1号,39.060758,117.119723,['09:25/22:30'],4.8,245
博森花卉(武清区店),天津市武清区育才北里文苑巷7条1号,39.384013,117.084201,['00:00/24:00'],0,0
卞记板面,河西区枫林路23号,39.058851,117.256492,['10:00/21:00'],4.7,52
占卜茶(熙悦汇店),天津市南开区向阳路街黄河道517号增1号,39.139097,117.124044,['10:30/22:30'],4.7,30
卡其瓦寿司（南大）,南开大学西南村市场内c1台,39.102633,117.160824,['09:30/19:30'],4.8,25
卡其瓦寿司卷(天大店),天津市四季村蔬菜市场内三区10号台,39.109413,117.166618,['09:00/20:00'],4.9,76
卡普思(大学城店),天津市西青区精武镇付村路星期八小镇商业街A-57号,39.053716,117.124879,['09:00/21:00'],4.6,32
卡里大鸡排（南开店）,天津市南开区向阳路街黄河道519号7幢105号,39.141524,117.120948,['09:50/21:50'],4.9,121
卡里大鸡排(商贸城店),天津市西青区西营门街津静路6号王顶堤商贸城E区小吃街C座68号、69号,39.097292,117.100361,['09:20/21:20'],4.9,151
卡里大鸡排汉堡小吃(芥园西道店),天津市南开区芥园西道盛名集团底商519号-18,39.141063,117.120285,['09:50/21:50'],4.9,41
卡里大鸡排汉堡小吃店(佳园里店),天津市北辰区北仓镇辰兴路旁（瑞军菜市场内15号）,39.210972,117.122576,['09:15/20:20'],4.8,68
卡里大鸡排皇茶(泉州路店),天津市武清区杨村街泉州路271号,39.383996,117.058836,['08:30/22:30'],4.9,34
卤先生卤汁拌饭,天津市津南区辛庄镇白塘口村东升储运公司院内,39.021361,117.325025,"['10:00/14:00', '16:00/22:30']",4.8,8
卤味飘香快餐店,天津市武清区杨村街振华西道供电局宿舍3号底商,39.389963,117.07906,['09:00/20:00'],4,0
厉害了炒饭,天津市津南区咸水沽镇金益园24-1-E1,38.993702,117.36893,['08:50/20:00'],4.7,572
厉害了炒饭(增产道店),天津市河北区江都路街道重光西里3门112,39.159689,117.237485,['09:00/20:00'],4.7,210
"厉害了炒饭（天津 宜白路店）",天津市河北区铁东路街宜爽路振宜里13-44-105,39.189666,117.208854,['10:00/22:30'],4.8,682
厉害了炒饭（天津和平店）,天津市和平区和平菜市场牛羊肉区2号,39.113058,117.190951,['09:00/19:00'],4.7,74
厉害了炒饭(海河教育园),天津市津南区咸水沽镇金益园24-1-1E,38.994905,117.370762,['08:50/20:00'],4.8,444
厉害了炒饭（西青大学城店）,天津市西青区精武镇付村路星期八小镇商业街4号楼A-61,39.053718,117.123405,['09:00/20:00'],4.7,357
厕所串串,天津市西青区精武镇付村商业街101号1层西侧,39.053696,117.122611,['10:00/21:30'],4.5,367
厕所串串(佳园里店),天津市红桥区双环村辰昌路佳园北里71门-101-104,39.193755,117.126897,['10:30/20:30'],4.4,78
厕所串串(天娇里店),天津市武清区东蒲洼街天娇里商业底商23号楼2门,39.366848,117.037704,['11:00/20:40'],4.8,91
原之味一品粥铺饺子馆,天津市海河教育园区同砚路38号南开大学商业街理1-201,38.9863,117.341187,['09:00/22:30'],4.7,471
原之味南大西南村老王豆皮,天津市海河教育园区同砚路38号南开大学商业街理1-201,38.991886,117.346951,"['09:45/14:10', '15:50/22:30']",4.8,124
原之味武汉热干面凉皮,天津市海河教育园区同砚路38号南开大学商业街理1-201,38.986537,117.351173,['08:45/22:35'],4.7,252
原味香饺子,天津市宝坻区北城东路110号,39.055527,117.117252,['08:00/23:30'],4.7,60
原本味道烧烤吧,天津市西青区中北镇新意园15-4,39.102959,117.094769,['16:00/22:55'],4.1,221
原本味道美食城(中北镇店),天津市西青区中北镇新科道南侧新科园（一区）28-2,39.102846,117.095775,['10:00/23:00'],4,38
原本味道麻辣烫麻辣香锅,天津滨海新区高新区华苑产业区海泰华科三路1号3号楼-1-102,39.101486,117.094199,"['10:00/14:00', '16:00/20:00']",4.3,3661
原森态蛋糕,天津市河东区诚厚里2-4-108-110,39.128562,117.219448,['08:00/22:30'],4.8,224
原浆鲜啤嗨啤酒坊,天津市河西区小海地景致里东江道8号,39.067047,117.278806,['10:00/21:40'],4.6,3
原麦山丘(天津南开大悦城店),天津市南开区南大门外大街6号大悦城南区1F-96-1商铺,39.13351,117.18025,['10:00/21:00'],4.9,242
原麦山丘（天津和平大悦城店）,天津市和平区五大道街南京路189号津汇广场裙楼F-21号商铺,39.117589,117.197265,['09:00/21:00'],4.9,168
原麦山丘(天津鲁能城店),天津市南开区水上公园东路绿荫广场1和2号鲁能城购物中心B1F-A41,39.09535,117.17545,['10:00/21:00'],4.9,247
厦门沙茶面(南开三马路店),天津市南开区三马路8-10号名特购物中心首层D1-2区域,39.133882,117.17316,['10:00/22:00'],0,0
厨掌柜陆老师(南开店),天津市南开区三纬路21号增7-A,39.127326,117.178312,['11:00/22:00'],5,2
又一佳便利店,天津市红桥区四新道15号,39.17954,117.158023,['00:00/24:00'],4.8,665
又一家黄焖鸡米饭,天津市河北区王串场街华屏里12号楼58门103,39.158157,117.226287,['10:00/21:00'],4.7,823
又一春排骨饭过桥米线,天津市西青区大寺镇北里八口村爱尚街5-108商铺,39.012258,117.251563,['10:00/23:00'],4.4,72
又见・肉卷烧饼（陆家嘴店）,天津市红桥区铃铛阁街道大丰路25-29（单）号陆家嘴中心（L+MALL）B1层B106-109,39.147191,117.172227,['10:00/22:00'],5,130
友培便利店,天津市西青区津静公路北侧滨渠里2-1-101,39.090337,117.091754,['09:00/22:00'],4.9,87
友密茶空间,天津市河东区琳科中路68号-335,39.121426,117.254105,['00:00/24:00'],0,0
友缘人(米粉酸辣粉热干面金奥广场店),天津市西青区李七庄街卫津南路与丽江道交口金奥广场5-207,39.066389,117.192776,['09:30/24:00'],4.6,163
友缘蛋糕,河东区大桥道和进里14-3-101-104,39.113637,117.253607,['08:00/18:00'],5,0
双益达百货便利店,天津市西青区精武镇姚村公寓秋鼎园11-3东1-2,39.0649517289322,117.111284275591,['08:30/22:20'],4.9,475
双黄线热狗（梅江东长盛店）,天津市河西区梅江道与五号堤路交口东长盛833号,39.068956,117.225526,['10:30/21:00'],4.9,93
发记甜品(陆家嘴店),天津市红桥区大丰路25-29单号陆家嘴中心（L+MALL）商场7层L705-1单元,39.147511,117.172138,['11:00/21:30'],4.8,28
叔仓o水果捞o鲜果切(王府壹号店),天津市南开区三潭路21号,39.12311,117.1563,['00:00/24:00'],4.8,1064
变脸烤翅,天津市西青区张家窝镇杰盛里45号楼1门101底商,39.066948,117.033104,['14:00/23:55'],4.8,185
口口香大馅饺子,天津宁可北区建昌道街群芳路梅交口（荣昌祥菜市场外8-9底商）,39.176064,117.237518,['10:30/20:00'],5,0
口口香快餐,天津市河北区金钟路158号（天津市蔬菜批发交易市场内彩4号）,39.147708,117.188224,['09:30/03:00'],5,1
口口香麻辣香锅冒菜,天津市西青区李七庄街卫津南路与丽江道交口东北侧金奥广场5-313,39.064584,117.193249,"['10:00/14:30', '16:30/23:55']",4.7,1480
口水鸡排,天津市河北区口急徘餐饮店,39.154907,117.195039,['09:30/20:30'],4.7,17
叫个炸鸡,天津市武清区东蒲洼街翠通路远洋香奈底商61-1号,39.379673,117.011343,['09:50/20:20'],4.8,33
叫个饭吧,天津市河西区柳林街长湖路东侧雅致里北侧博疆菜市场内东段15号,39.067257,117.279984,['09:00/22:00'],4.6,98
叫个鸡,天津市西青区精武镇姚村公寓夏华园25-4-西1,39.057552,117.114518,['09:00/21:00'],4.8,13
叫了个炸鸡(南开店),天津市南开区卫津南路北端西侧京燕大厦109号商业广场第壹层Y006号,39.10015,117.17843,"['00:00/05:30', '10:00/23:55']",4.7,511
叫了个炸鸡(大王庄店),天津市河东区大王庄街道卓越大厦七纬路71号-143,39.124867,117.224023,['11:30/23:50'],4.6,179
叫了个炸鸡(天津奥城店),南开区宾水西道与凌宾路交口西南侧奥城商业广场10-15,39.07866,117.16974,['09:30/23:50'],4.8,290
叫了个炸鸡(天津海河教育园区店),天津市津南区咸水沽镇静怡里18号楼113室,39.016586,117.367407,['09:30/21:10'],4.8,190
叫了个炸鸡(宁宇家园店),天津市河北区铁东路街宁宇家园8-109,39.182154,117.208157,['10:00/23:55'],4.7,310
叫了个炸鸡(张家窝店),天津市西青区张家窝镇玉锦路9-207商铺,39.062934,117.04191,['10:30/23:55'],4.8,231
叫了个炸鸡(梅江店),天津市河西区解放南路贺江道南9号(东升信达菜市场)W11号,39.058882,117.225359,['10:00/20:30'],4.8,186
叫了个炸鸡(榆关道店),天津市河北区新开河街榆关道666号,39.179,117.1831,"['00:00/02:00', '10:30/23:55']",4.8,230
叫了个炸鸡(爱琴海店),天津市河东区琳科中路101、129号-217,39.120953,117.254608,['10:30/23:55'],4.9,224
叫了个炸鸡(王顶堤店),天津市南开区苑中路五和超市门脸外房17号、18号,39.089707,117.142318,['10:00/22:00'],4.9,283
叫了个炸鸡(红桥店),天津市红桥区丁字沽街道十二段32门-2,39.186238,117.15617,['10:35/23:40'],4.8,156
叫了个炸鸡(馋锦记店),天津市西青区张家窝镇玉锦路14-2-1号,39.062564,117.040823,['10:00/22:30'],4.8,48
叫了个炸鸡(马场道店),河西区围堤道综合楼7门110-113,39.099419,117.198531,['11:00/04:00'],4.7,282
叫了个鸡(欧乐店),天津市和平区劝业场街滨江道300号欧乐时尚广场负一层B1-LK-46号商铺,39.121086,117.195831,['10:00/22:30'],4.9,44
叫了只炸鸡,天津市河北区王串场街增产道容彩里85-111-114,39.158491,117.230839,['10:00/20:30'],4.8,249
叫了只炸鸡（中北镇店）,天津市西青区中北镇东兴里小吃街2厅1号,39.12805,117.08982,['10:00/23:30'],4.8,532
叫了只炸鸡(保泽道店),天津市南开区王顶堤红旗路西侧秋泽园17-6,39.110243,117.141454,['09:50/00:50'],4.9,303
叫了只炸鸡（刘园店）,天津市北辰区北仓镇辰昌路46号增5号,39.209768,117.112065,['10:30/23:00'],4.7,27
叫了只炸鸡(华苑店),天津市南开区华苑街中孚路地华里菜市场外7号,39.084587,117.127599,['10:00/23:00'],4.7,554
叫了只炸鸡（天山南路店）,天津市东丽区万新村街道魏康东里4排1号,39.123713,117.280391,['10:10/21:30'],4.8,186
叫了只炸鸡(天津店),天津市南开区三纬路怀庆里9号A-D5-9,39.127751,117.178976,['10:00/01:00'],4.9,1339
叫了只炸鸡(宜白路店),天津市北辰区国宜道8号,39.193193,117.205206,['09:00/22:00'],4.8,58
叫了只炸鸡（小海地店）,天津市河西区长湖路4号底商,39.066031,117.279631,['11:00/21:30'],4.9,349
叫了只炸鸡(张贵庄店),天津市东丽区张贵庄街道金华道增13号-3,39.089592,117.309305,['10:00/24:00'],4.8,277
叫了只炸鸡(民航大学店),天津市东丽区新立街道宝元村驯海路西侧57号,39.107933,117.342208,['09:30/23:00'],4.8,69
叫板披萨（武清店）,天津市武清区杨村街松鹤园小区底商2号,39.374157,117.041636,['07:50/23:55'],4.9,6
叮咚饭点,天津市南开区文澜路华章里5号楼底商,39.120276,117.157993,['09:50/23:05'],4.9,588
可小姊(水游城店),天津市红桥区大丰路18号天津鹏欣水游城F1BN02-2-2,39.150547,117.168736,['10:00/22:00'],4.9,65
可心粗粮细做,天津市北辰区青光镇韩家墅农产品批发市场商业街栋44号,39.068946,117.118936,"['09:00/15:00', '16:00/21:30']",4.7,230
可礼客麻辣香锅,天津市南开区鹊桥路27号,39.122283,117.152405,['09:00/23:55'],4.8,3757
可苏创意蛋糕店,天津市红桥区弘丽园2-3-103-2,39.148921,117.15507,['07:20/23:35'],5,17
台式简餐,天津市南开区天津大学六村早点部,39.107246,117.164939,"['10:00/14:00', '16:00/21:00']",4.7,782
台湾卤肉饭,天津市西青区精武镇姚村工南路侧文博园商业街底商四号楼一层4-01A,39.078435,117.095387,['09:30/21:00'],4.8,132
台湾大成盛记（白吉馍）,天津市河东区津滨大道53号1083号,39.124283,117.254386,['10:30/21:50'],4.4,116
台湾大鸡排盖浇饭,天津市河北区金钟路158号,39.146154,117.188324,['09:30/03:00'],0,0
台湾大鸡排饭,天津市西青区精武镇付村商业街A区10号,39.056095,117.117591,"['09:50/14:30', '16:00/21:10']",4.8,173
台湾耕喜水果茶,天津市西青区精武镇付村路星期八小镇商业街B12-1,39.053484,117.122713,['10:00/21:30'],4.8,78
台湾谷庄奶茶(莱茵翠景店),天津市武清区东蒲洼街翠通路2号格林东方酒店一梭组形式个人经营注日期2018年03月23日经范围饮料服,39.387581,117.019465,['08:00/22:00'],3.8,3
台湾香锅焖面,天津市河西区前进道11-13号前进道菜市场中区11号摊位,39.078975,117.205305,['09:00/21:40'],4.8,321
台资味（天津丁字沽店）,天津市红桥区西于庄街道洪湖北路祥居公寓底商43-46门107号,39.170409,117.156895,"['00:00/02:00', '09:00/23:55']",4.9,272
台资味(天津刘园店),天津市北辰区瑞景街天津奥林匹克花园枫叶苑20-14,39.199748,117.114701,['09:30/20:00'],4.9,470
台资味(天津友谊北路店),天津市和平区同安道同安南里4号楼1-4门108-1,39.103663,117.181786,['09:30/21:00'],4.8,690
台资味（天津大悦城店）,天津市南开区南开二马路62号,39.1331281648047,117.177603003811,['09:30/20:00'],4.8,403
台资味（天津太阳城店）,天津市河东区凤山商业广场4－112,39.15518,117.27635,['10:00/21:00'],4.8,525
台资味（天津宜兴埠店）,天津市河北区铁东路街宜美道23号,39.190138,117.21333,['08:45/21:00'],4.7,155
台资味(天津小海地店),天津市河西区大沽南路1118号天津泉汇购物广场16号商铺,39.067505,117.28156,['10:00/20:00'],4.8,631
台资味（天津小白楼店）,天津市河西区徐州道1号一层、六层至十五层,39.116728,117.221347,['09:00/21:00'],4.8,1421
台资味(天津梅江店),天津市河西区绥江道与翠波路交口东北侧绥江道82号2-42,39.057555,117.212657,['09:00/21:00'],4.8,569
台资味（天津武清瑞丰广场店）,天津市武清区杨村街泉州路与光明道交口瑞丰广场310室,39.3857,117.05928,['09:30/19:30'],4.7,417
台资味(天津海泰精工国际店),天津滨海新区高新区海泰大道36号精工国际22-101,39.09273,117.072637,['09:30/20:30'],4.8,832
